"zip_code","grid_id"
1067,984
1069,984
1069,984
1097,984
1099,984
1108,984
1109,984
1127,984
1127,984
1129,984
1139,984
1156,984
1157,984
1159,984
1169,984
1187,984
1189,984
1217,984
1219,984
1237,984
1239,984
1257,984
1257,984
1259,984
1277,984
1279,984
1307,984
1309,984
1324,984
1326,984
1328,984
1445,984
1454,984
1458,984
1465,984
1465,984
1465,984
1468,984
1471,984
1477,984
1558,984
1561,984
1587,984
1589,984
1591,984
1594,984
1609,984
1612,984
1616,984
1619,984
1623,984
1640,984
1662,984
1665,984
1683,984
1689,984
1705,984
1723,984
1728,984
1731,984
1734,984
1737,984
1738,984
1744,984
1762,984
1768,984
1773,984
1774,984
1776,984
1778,984
1796,984
1809,984
1814,984
1816,984
1819,984
1824,984
1825,984
1829,984
1833,984
1844,984
1847,984
1848,984
1855,984
1855,984
1877,984
1896,984
1900,984
1904,984
1906,984
1909,984
1917,984
1920,984
1936,984
1945,984
1968,984
1979,984
1983,984
1987,984
1990,984
1993,984
1994,984
1996,984
1998,984
2625,984
2627,984
2627,984
2633,984
2681,984
2689,984
2692,984
2694,984
2699,984
2708,984
2727,984
2730,984
2733,984
2736,984
2739,984
2742,984
2747,984
2748,984
2763,984
2779,984
2782,984
2785,984
2788,984
2791,984
2794,984
2796,984
2797,984
2799,984
2826,984
2827,984
2828,984
2829,984
2894,984
2899,984
2906,984
2923,984
2929,984
2943,984
2953,984
2956,984
2957,984
2959,984
2977,984
2979,984
2991,984
2994,984
2997,984
2999,984
3042,984
3044,984
3046,984
3048,984
3050,984
3051,984
3052,984
3053,984
3054,984
3055,984
3058,984
3096,984
3099,984
3103,984
3116,984
3119,984
3130,984
3149,984
3159,984
3172,984
3185,984
3197,984
3205,984
3222,984
3226,984
3229,984
3238,984
3246,984
3249,984
3253,984
4103,984
4105,984
4107,984
4109,984
4129,984
4155,984
4157,984
4158,984
4159,984
4177,984
4178,984
4179,984
4205,984
4207,984
4209,984
4229,984
4249,984
4275,984
4277,984
4279,984
4288,984
4289,984
4299,984
4315,984
4316,984
4317,984
4318,984
4319,984
4328,984
4329,984
4347,984
4349,984
4356,984
4357,984
4416,984
4420,984
4425,984
4435,984
4442,984
4451,984
4463,984
4509,984
4519,984
4523,984
4539,984
4552,984
4564,984
4565,984
4567,984
4571,984
4575,984
4600,984
4603,984
4603,984
4610,984
4613,984
4617,984
4617,984
4618,984
4626,984
4639,984
4643,984
4651,984
4654,984
4655,984
4668,984
4680,984
4683,984
4687,984
4703,984
4720,984
4736,984
4741,984
4746,984
4749,984
4758,984
4769,984
4774,984
4779,984
4808,984
4821,984
4824,984
4827,984
4828,984
4838,984
4849,984
4860,984
4861,984
4862,984
4874,984
4880,984
4886,984
4889,984
4895,984
4910,984
4916,984
4924,984
4928,984
4931,984
4932,984
4934,984
4936,984
4938,984
6108,983
6110,983
6112,983
6114,983
6116,983
6118,983
6120,983
6122,983
6124,983
6126,983
6128,983
6130,983
6132,983
6179,983
6184,983
6188,983
6193,983
6198,983
6217,983
6231,983
6237,983
6242,983
6246,983
6249,983
6255,983
6258,983
6259,983
6268,983
6268,983
6279,983
6295,983
6308,983
6311,983
6313,983
6317,983
6333,983
6333,983
6343,983
6347,983
6366,983
6369,983
6369,983
6385,983
6386,983
6388,983
6406,983
6408,983
6420,983
6425,983
6429,983
6449,983
6456,983
6458,983
6463,983
6464,983
6466,983
6467,983
6469,983
6484,983
6485,983
6493,983
6493,983
6493,983
6493,983
6502,983
6526,983
6528,983
6528,983
6536,983
6536,983
6536,983
6537,983
6542,983
6542,983
6543,983
6556,983
6567,983
6571,983
6577,983
6578,983
6618,983
6628,983
6632,983
6636,983
6638,983
6642,983
6647,983
6647,983
6648,983
6667,983
6667,983
6679,983
6682,983
6686,983
6688,983
6711,983
6712,983
6721,983
6722,983
6729,983
6729,983
6749,983
6766,983
6772,984
6772,984
6773,984
6774,983
6779,983
6780,983
6785,984
6792,983
6794,983
6796,983
6800,983
6803,983
6808,983
6809,983
6842,983
6842,983
6844,983
6846,983
6847,983
6849,983
6861,983
6862,983
6862,983
6868,984
6869,984
6886,984
6888,984
6888,984
6889,984
6895,984
6901,984
6905,984
6917,984
6925,984
7318,983
7318,983
7330,983
7333,983
7334,983
7338,983
7343,983
7349,983
7356,983
7366,983
7368,983
7381,983
7387,983
7389,983
7389,983
7407,983
7422,983
7426,983
7427,983
7429,983
7545,983
7546,983
7548,983
7549,983
7551,983
7551,983
7552,983
7554,983
7557,983
7570,983
7580,983
7586,983
7589,983
7607,983
7613,983
7616,983
7619,983
7629,983
7639,983
7646,983
7743,983
7745,983
7747,983
7749,983
7751,983
7751,983
7751,983
7751,983
7768,983
7774,983
7778,983
7778,983
7806,983
7819,983
7907,983
7919,983
7919,983
7922,983
7924,983
7926,983
7927,983
7929,983
7937,983
7950,983
7952,983
7955,983
7957,983
7958,983
7973,983
7980,983
7980,983
7980,983
7980,983
7985,983
7987,983
8056,984
8058,984
8060,984
8062,984
8064,984
8066,984
8107,984
8112,984
8115,984
8118,984
8132,984
8134,984
8141,984
8144,984
8147,984
8209,983
8223,983
8228,983
8233,983
8236,983
8237,983
8239,983
8248,983
8258,983
8261,983
8262,983
8267,983
8280,984
8289,984
8294,984
8297,984
8301,984
8304,984
8309,984
8315,984
8321,984
8324,984
8328,984
8340,984
8344,984
8349,984
8352,984
8359,984
8371,984
8373,984
8393,984
8396,984
8412,984
8427,984
8428,984
8451,984
8459,984
8468,983
8485,983
8491,983
8496,983
8499,983
8523,983
8523,983
8525,983
8527,983
8529,983
8538,983
8539,983
8541,983
8543,983
8547,983
8548,983
8606,983
8626,983
8645,983
8648,983
9111,984
9112,984
9113,984
9114,984
9116,984
9117,984
9117,984
9119,984
9120,984
9122,984
9123,984
9125,984
9126,984
9127,984
9128,984
9130,984
9131,984
9212,984
9217,984
9221,984
9224,984
9228,984
9232,984
9235,984
9236,984
9241,984
9243,984
9244,984
9247,984
9249,984
9306,984
9322,984
9326,984
9328,984
9337,984
9350,984
9353,984
9355,984
9356,984
9366,984
9376,984
9380,984
9385,984
9387,984
9390,984
9392,984
9394,984
9399,984
9405,984
9419,984
9423,984
9427,984
9429,984
9430,984
9432,984
9434,984
9437,984
9437,984
9439,984
9456,984
9465,984
9468,984
9471,984
9474,984
9477,984
9481,984
9484,984
9487,984
9488,984
9496,984
9509,984
9514,984
9518,984
9526,984
9544,984
9548,984
9557,984
9569,984
9573,984
9575,984
9577,984
9579,984
9599,984
9600,984
9600,984
9603,984
9618,984
9619,984
9623,984
9627,984
9629,984
9633,984
9634,984
9638,984
9648,984
9661,984
9669,984
10115,981
10117,981
10119,981
10178,981
10179,981
10243,981
10245,981
10247,981
10249,981
10315,981
10317,981
10318,981
10319,981
10365,981
10367,981
10369,981
10405,981
10407,981
10409,981
10435,981
10437,981
10439,981
10551,981
10553,981
10555,981
10557,981
10559,981
10585,981
10587,981
10589,981
10623,981
10623,981
10625,981
10627,981
10629,981
10707,981
10709,981
10711,981
10713,981
10715,981
10717,981
10719,981
10777,981
10779,981
10781,981
10783,981
10785,981
10787,981
10789,981
10823,981
10825,981
10827,981
10829,981
10961,981
10963,981
10965,981
10967,981
10969,981
10997,981
10999,981
12043,981
12045,981
12047,981
12049,981
12051,981
12053,981
12055,981
12057,981
12059,981
12059,981
12099,981
12101,981
12103,981
12105,981
12107,981
12107,981
12109,981
12157,981
12159,981
12161,981
12163,981
12165,981
12167,981
12169,981
12203,981
12205,981
12207,981
12209,981
12247,981
12249,981
12277,981
12279,981
12305,981
12305,981
12307,981
12309,981
12347,981
12349,981
12351,981
12353,981
12355,981
12357,981
12359,981
12435,981
12437,981
12439,981
12459,981
12487,981
12489,981
12524,981
12526,981
12527,981
12529,981
12555,981
12557,981
12559,981
12559,981
12587,981
12589,981
12619,981
12621,981
12623,981
12623,981
12627,981
12629,981
12679,981
12679,981
12681,981
12683,981
12685,981
12685,981
12687,981
12689,981
13051,981
13053,981
13055,981
13057,981
13059,981
13086,981
13088,981
13089,981
13125,981
13127,981
13129,981
13156,981
13158,981
13159,981
13187,981
13189,981
13347,981
13349,981
13351,981
13353,981
13355,981
13357,981
13359,981
13403,981
13405,981
13407,981
13409,981
13435,981
13437,981
13439,981
13465,981
13467,981
13469,981
13503,981
13505,981
13507,981
13509,981
13581,981
13583,981
13585,981
13587,981
13589,981
13591,981
13593,981
13595,981
13597,981
13599,981
13627,981
13629,981
14050,981
14052,981
14053,981
14055,981
14057,981
14059,981
14089,981
14109,981
14129,981
14163,981
14165,981
14167,981
14169,981
14193,981
14195,981
14197,981
14199,981
14467,981
14469,981
14471,981
14473,981
14476,981
14476,981
14478,981
14480,981
14482,981
14513,981
14532,981
14542,981
14547,981
14548,981
14550,981
14552,981
14554,981
14558,981
14558,981
14612,981
14621,981
14624,981
14641,981
14656,981
14662,981
14669,981
14712,981
14715,981
14727,981
14728,981
14770,981
14772,981
14774,981
14776,981
14778,981
14778,981
14789,981
14793,981
14797,981
14798,981
14806,981
14822,981
14823,981
14827,981
14828,981
14913,984
14929,981
14943,981
14947,981
14959,981
14974,981
14979,981
15230,984
15232,984
15234,984
15236,981
15236,981
15295,984
15299,984
15306,981
15320,981
15324,981
15326,981
15328,981
15344,981
15345,981
15345,981
15366,981
15370,981
15374,981
15377,981
15378,981
15517,981
15518,981
15518,981
15518,981
15526,981
15528,981
15537,981
15562,981
15566,981
15569,981
15711,981
15712,981
15713,981
15732,981
15738,981
15741,981
15745,981
15746,981
15748,984
15749,981
15754,981
15755,984
15757,984
15806,981
15827,981
15831,981
15831,981
15834,981
15837,984
15838,981
15848,984
15859,981
15864,981
15868,984
15890,984
15898,984
15907,984
15910,984
15913,984
15926,984
15936,984
15938,984
16225,981
16227,981
16230,981
16230,981
16244,981
16247,981
16248,981
16259,981
16269,981
16278,981
16303,981
16306,981
16306,981
16307,981
16321,981
16341,981
16348,981
16356,981
16359,981
16515,981
16540,981
16547,981
16548,981
16552,981
16556,981
16559,981
16562,981
16567,981
16727,981
16761,981
16766,981
16767,981
16775,981
16792,981
16798,981
16816,981
16818,981
16818,981
16818,981
16827,981
16831,981
16833,981
16835,981
16837,981
16845,981
16845,981
16866,981
16868,981
16909,981
16928,981
16945,981
16949,981
17033,981
17034,981
17036,981
17039,981
17039,981
17087,981
17089,981
17091,981
17094,981
17098,981
17099,981
17099,981
17109,981
17111,981
17121,981
17126,981
17129,981
17139,981
17153,981
17154,981
17159,981
17166,981
17168,981
17179,981
17192,981
17194,981
17207,981
17209,981
17213,981
17214,981
17217,981
17219,981
17235,981
17237,981
17237,981
17248,981
17252,981
17255,981
17258,981
17268,981
17279,981
17291,981
17309,981
17321,981
17322,981
17322,981
17322,981
17326,981
17328,981
17329,981
17335,981
17337,981
17337,981
17348,981
17349,981
17358,981
17367,981
17373,981
17375,981
17375,981
17375,981
17375,981
17379,981
17389,981
17390,981
17391,981
17392,981
17398,981
17406,981
17419,981
17424,981
17429,981
17438,981
17438,981
17438,981
17440,981
17440,981
17440,981
17440,981
17440,981
17440,981
17440,981
17440,981
17440,981
17440,981
17449,981
17449,981
17449,981
17449,981
17449,981
17449,981
17449,981
17454,981
17459,981
17489,981
17489,981
17491,981
17493,981
17493,981
17493,981
17493,981
17493,981
17495,981
17498,981
17506,981
17509,981
18055,981
18057,981
18059,981
18069,981
18106,981
18107,981
18109,981
18119,981
18146,981
18147,981
18181,981
18182,981
18184,981
18190,981
18195,981
18196,981
18198,981
18209,981
18211,981
18211,981
18225,981
18230,981
18233,981
18236,981
18239,981
18246,981
18249,981
18258,981
18273,981
18276,981
18279,981
18292,981
18299,981
18311,981
18314,981
18317,981
18317,981
18320,981
18334,981
18337,981
18347,981
18356,981
18356,981
18374,981
18374,981
18375,981
18435,981
18437,981
18439,981
18439,981
18439,981
18442,981
18445,981
18445,981
18461,981
18465,981
18469,981
18507,981
18510,981
18513,981
18516,981
18519,981
18528,981
18546,981
18551,981
18556,981
18565,981
18565,981
18569,981
18569,981
18569,981
18569,981
18569,981
18573,981
18573,981
18574,981
18581,981
18581,981
18586,981
18609,981
19053,981
19055,981
19055,981
19057,981
19059,981
19061,981
19063,981
19065,981
19067,981
19069,981
19071,981
19073,981
19075,981
19077,981
19079,981
19086,981
19089,981
19205,981
19209,981
19217,981
19230,981
19243,981
19246,921
19249,981
19258,981
19260,981
19273,981
19288,981
19294,981
19300,981
19303,981
19306,981
19309,981
19322,981
19322,981
19336,981
19339,981
19348,981
19348,981
19357,981
19370,981
19372,981
19372,981
19374,981
19376,981
19386,981
19395,981
19399,981
19406,981
19412,981
19417,981
20095,982
20097,982
20099,982
20144,982
20146,982
20148,982
20149,982
20249,982
20251,982
20253,982
20255,982
20257,982
20259,982
20354,982
20355,982
20357,982
20359,982
20457,982
20459,982
20535,982
20537,982
20539,982
21029,982
21031,982
21033,982
21035,982
21037,982
21039,982
21073,982
21075,982
21077,982
21079,982
21107,982
21109,982
21129,982
21147,982
21149,982
21217,922
21218,922
21220,922
21224,922
21227,922
21228,922
21244,922
21244,922
21255,922
21256,922
21258,922
21259,922
21261,922
21266,922
21271,922
21272,922
21274,922
21279,922
21335,923
21337,923
21339,923
21354,923
21357,923
21358,923
21360,923
21365,923
21368,923
21369,923
21371,923
21376,922
21379,923
21380,923
21382,923
21385,923
21386,923
21388,923
21391,923
21391,923
21394,923
21395,922
21397,923
21398,923
21400,923
21401,923
21403,923
21406,923
21407,923
21409,923
21423,922
21423,922
21423,922
21435,922
21436,922
21438,922
21439,922
21441,922
21442,922
21444,922
21444,922
21445,922
21447,923
21449,923
21465,921
21481,921
21483,921
21493,921
21502,921
21502,921
21509,921
21514,921
21516,921
21516,921
21521,921
21522,923
21524,921
21526,921
21527,921
21529,921
21614,922
21629,922
21635,922
21640,922
21641,922
21643,922
21644,922
21646,922
21647,922
21649,922
21680,922
21682,922
21683,922
21684,922
21698,922
21702,922
21706,922
21709,922
21710,922
21712,922
21714,922
21717,922
21720,922
21723,922
21723,922
21726,922
21727,922
21729,922
21730,922
21732,922
21734,922
21737,922
21739,922
21745,922
21755,922
21756,922
21762,922
21763,922
21765,922
21769,922
21770,922
21772,922
21775,922
21776,922
21781,922
21782,922
21785,922
21787,922
21789,922
22041,982
22043,982
22045,982
22047,982
22049,982
22081,982
22083,982
22085,982
22087,982
22089,982
22111,982
22113,982
22113,982
22115,982
22117,982
22119,982
22143,982
22145,982
22147,982
22149,982
22159,982
22175,982
22177,982
22179,982
22297,982
22299,982
22301,982
22303,982
22305,982
22307,982
22309,982
22335,982
22337,982
22339,982
22359,982
22391,982
22393,982
22395,982
22397,982
22399,982
22415,982
22415,982
22417,982
22419,982
22453,982
22453,982
22453,982
22455,982
22457,982
22457,982
22459,982
22523,982
22525,982
22527,982
22529,982
22547,982
22549,982
22559,982
22587,982
22589,982
22605,982
22607,982
22609,982
22609,982
22761,982
22763,982
22765,982
22767,982
22767,982
22769,982
22844,921
22844,921
22846,921
22848,921
22850,921
22851,921
22869,921
22880,921
22885,921
22889,921
22889,921
22889,921
22926,921
22927,921
22929,921
22929,921
22929,921
22929,921
22941,921
22946,921
22946,921
22949,921
22952,921
22955,921
22956,921
22958,921
22959,921
22961,921
22962,921
22964,921
22965,921
22967,921
22969,921
23552,921
23554,921
23556,921
23558,921
23560,921
23562,921
23564,921
23566,921
23568,921
23569,921
23570,921
23611,921
23617,921
23619,921
23623,921
23626,921
23627,921
23628,921
23629,921
23669,921
23683,921
23684,921
23689,921
23701,921
23714,921
23715,921
23717,921
23719,921
23730,921
23738,921
23743,921
23744,921
23746,921
23747,921
23749,921
23758,921
23769,921
23769,921
23774,921
23775,921
23777,921
23779,921
23795,921
23812,921
23813,921
23815,921
23816,921
23818,921
23820,921
23821,921
23823,921
23824,921
23826,921
23827,921
23829,921
23843,921
23845,921
23845,921
23845,921
23847,921
23858,921
23860,921
23863,921
23866,921
23867,921
23869,921
23879,921
23881,921
23881,921
23883,921
23896,921
23898,921
23899,921
23909,921
23911,921
23911,921
23919,921
23923,981
23936,981
23942,981
23946,981
23946,981
23948,981
23966,981
23966,981
23966,981
23968,981
23970,981
23972,981
23974,981
23992,981
23996,981
23999,981
24103,921
24105,921
24106,921
24107,921
24109,921
24111,921
24113,921
24114,921
24116,921
24118,921
24119,921
24143,921
24145,921
24146,921
24147,921
24148,921
24149,921
24159,921
24161,921
24211,921
24214,921
24217,921
24220,921
24222,921
24223,921
24226,921
24229,921
24232,921
24235,921
24238,921
24239,921
24241,921
24242,921
24244,921
24245,921
24247,921
24248,921
24250,921
24251,921
24253,921
24254,921
24256,921
24257,921
24259,921
24306,921
24321,921
24326,921
24327,921
24329,921
24340,921
24351,921
24354,921
24357,921
24358,921
24360,921
24361,921
24363,921
24364,921
24366,921
24367,921
24369,921
24376,921
24392,921
24395,921
24398,921
24399,921
24401,921
24402,921
24404,921
24405,921
24405,921
24407,921
24407,921
24409,921
24534,921
24536,921
24537,921
24539,921
24558,921
24568,921
24576,921
24582,921
24589,921
24594,921
24598,921
24601,921
24610,921
24613,921
24616,921
24619,921
24620,921
24622,921
24623,921
24625,921
24626,921
24628,921
24629,921
24631,921
24632,921
24634,921
24635,921
24637,921
24638,921
24640,921
24641,921
24643,921
24644,921
24646,921
24647,921
24649,921
24768,921
24782,921
24783,921
24784,921
24787,921
24790,921
24791,921
24793,921
24794,921
24796,921
24797,921
24799,921
24799,921
24800,921
24802,921
24803,921
24805,921
24806,921
24808,921
24809,921
24811,921
24813,921
24814,921
24816,921
24817,921
24819,921
24837,921
24848,921
24850,921
24852,921
24855,921
24857,921
24860,921
24861,921
24863,921
24864,921
24866,921
24867,921
24869,921
24870,921
24872,921
24873,921
24876,921
24878,921
24879,921
24881,921
24882,921
24884,921
24885,921
24887,921
24888,921
24890,921
24891,921
24891,921
24893,921
24894,921
24896,921
24897,921
24899,921
24937,921
24939,921
24941,921
24943,921
24944,921
24955,921
24960,921
24963,921
24966,921
24969,921
24972,921
24975,921
24976,921
24977,921
24980,921
24983,921
24986,921
24988,921
24989,921
24991,921
24992,921
24994,921
24996,921
24997,921
24999,921
25335,921
25336,921
25337,921
25348,921
25355,921
25358,921
25361,921
25364,921
25365,921
25368,921
25370,921
25371,921
25373,921
25376,921
25377,921
25377,921
25379,921
25421,921
25436,921
25451,921
25462,921
25469,921
25474,921
25479,921
25482,921
25485,921
25486,921
25488,921
25489,921
25491,921
25491,921
25492,921
25494,921
25495,921
25497,921
25499,921
25524,921
25541,921
25548,921
25551,921
25554,921
25557,921
25560,921
25563,921
25566,921
25569,921
25572,921
25573,921
25575,921
25576,921
25578,921
25579,921
25581,921
25582,921
25584,921
25585,921
25587,921
25588,921
25590,921
25591,921
25593,921
25594,921
25596,921
25597,921
25599,921
25693,921
25704,921
25709,921
25712,921
25715,921
25718,921
25718,921
25719,921
25721,921
25724,921
25725,921
25727,921
25729,921
25746,921
25761,921
25764,921
25767,921
25770,921
25774,921
25776,921
25776,921
25779,921
25782,921
25785,921
25786,921
25788,921
25791,921
25792,921
25794,921
25795,921
25797,921
25799,921
25813,921
25821,921
25826,921
25832,921
25836,921
25840,921
25842,921
25845,921
25845,921
25845,921
25849,921
25849,921
25850,921
25852,921
25853,921
25855,921
25856,921
25858,921
25859,921
25859,921
25860,921
25862,921
25863,921
25864,921
25866,921
25867,921
25868,921
25869,921
25869,921
25870,921
25872,921
25873,921
25876,921
25878,921
25879,921
25881,921
25882,921
25884,921
25885,921
25887,921
25889,921
25899,921
25917,921
25920,921
25923,921
25924,921
25926,921
25927,921
25938,921
25946,921
25980,921
25992,921
25996,921
25997,921
25999,921
26121,922
26122,922
26123,922
26125,922
26127,922
26129,922
26131,922
26133,922
26135,922
26160,922
26169,922
26180,922
26188,922
26197,922
26203,922
26209,922
26215,922
26219,922
26316,922
26340,922
26345,922
26349,922
26382,922
26384,922
26386,922
26388,922
26389,922
26409,922
26419,922
26427,922
26434,922
26441,922
26446,922
26452,922
26465,922
26474,922
26486,922
26487,922
26489,922
26506,922
26524,922
26529,922
26532,922
26548,922
26553,922
26556,922
26571,921
26571,921
26579,922
26603,922
26605,922
26607,922
26624,922
26629,922
26632,922
26639,922
26655,922
26670,922
26676,922
26683,922
26689,922
26721,922
26723,922
26725,922
26736,922
26757,922
26759,922
26789,922
26802,922
26810,922
26817,922
26826,922
26831,922
26835,922
26842,922
26844,922
26845,922
26847,922
26849,922
26871,922
26892,922
26897,922
26899,922
26901,922
26903,922
26904,922
26906,922
26907,922
26909,922
26909,922
26919,922
26931,922
26935,922
26936,922
26937,922
26939,922
26954,922
26954,922
26969,922
27211,923
27232,923
27239,923
27243,922
27245,923
27246,923
27248,923
27249,923
27251,923
27252,923
27254,923
27257,923
27259,923
27283,923
27299,923
27305,923
27308,923
27313,923
27318,923
27321,923
27324,923
27327,923
27330,923
27330,923
27333,923
27336,923
27337,923
27339,923
27356,922
27356,922
27367,922
27374,922
27383,922
27386,922
27389,922
27404,922
27412,922
27419,922
27432,922
27442,922
27446,922
27449,922
27472,922
27474,922
27476,922
27478,922
27498,921
27498,921
27499,982
27499,982
27568,922
27570,922
27572,922
27574,922
27576,922
27578,922
27578,922
27580,922
27607,922
27612,922
27616,922
27619,922
27624,922
27628,922
27639,922
27711,922
27721,922
27726,922
27729,922
27749,922
27751,922
27753,922
27755,922
27755,922
27755,922
27777,922
27793,922
27798,922
27801,922
27804,922
27809,922
28195,922
28197,922
28199,922
28201,922
28203,922
28205,922
28207,922
28209,922
28211,922
28213,922
28215,922
28217,922
28219,922
28237,922
28239,922
28259,922
28277,922
28279,922
28307,922
28309,922
28325,922
28327,922
28329,922
28329,922
28355,922
28357,922
28359,922
28717,922
28719,922
28755,922
28755,922
28757,922
28759,922
28777,922
28779,922
28790,922
28816,923
28832,923
28844,923
28857,923
28865,922
28870,922
28876,923
28879,922
29221,923
29223,923
29225,923
29227,923
29229,923
29303,923
29308,923
29313,923
29320,923
29323,923
29328,923
29331,923
29336,923
29339,923
29342,923
29345,923
29348,923
29351,923
29352,923
29353,923
29355,923
29356,923
29358,923
29359,923
29361,923
29362,923
29364,923
29364,923
29364,923
29365,923
29367,923
29369,923
29378,923
29379,923
29386,923
29389,923
29392,923
29393,923
29394,923
29396,923
29396,923
29399,923
29410,981
29413,981
29416,981
29439,923
29451,923
29456,923
29459,923
29462,923
29465,923
29468,923
29471,923
29472,923
29473,923
29475,923
29476,923
29478,923
29479,923
29481,923
29482,923
29484,923
29485,923
29487,923
29488,923
29490,923
29491,923
29493,923
29494,923
29496,923
29497,923
29499,923
29525,923
29549,923
29553,923
29556,923
29559,923
29562,923
29565,923
29571,923
29574,923
29575,923
29576,923
29578,923
29579,923
29581,923
29582,923
29584,923
29585,923
29587,923
29588,923
29590,923
29591,923
29593,923
29594,923
29597,923
29599,923
29614,923
29633,923
29640,923
29643,923
29646,923
29649,923
29664,923
29683,923
29690,923
29693,923
29699,923
30159,923
30159,923
30161,923
30161,923
30163,923
30165,923
30167,923
30169,923
30171,923
30173,923
30175,923
30177,923
30179,923
30419,923
30449,923
30451,923
30453,923
30455,923
30457,923
30459,923
30519,923
30521,923
30539,923
30559,923
30625,923
30627,923
30629,923
30655,923
30657,923
30659,923
30669,923
30823,923
30826,923
30827,923
30851,923
30853,923
30855,923
30880,923
30890,923
30900,923
30916,923
30926,923
30938,923
30952,923
30966,923
30974,923
30982,923
30989,923
31008,923
31020,923
31028,923
31036,923
31061,923
31073,923
31079,923
31079,923
31084,923
31084,923
31089,923
31134,923
31135,923
31137,923
31139,923
31141,923
31157,923
31162,923
31167,923
31171,923
31174,923
31177,923
31180,923
31185,923
31188,923
31191,923
31195,923
31199,923
31224,923
31226,923
31228,923
31234,923
31241,923
31246,923
31249,923
31275,923
31303,923
31311,923
31319,923
31515,923
31535,923
31542,923
31547,923
31552,923
31553,923
31555,923
31556,923
31558,923
31559,923
31582,923
31592,923
31595,923
31600,923
31603,923
31604,923
31606,923
31608,923
31609,923
31613,923
31618,923
31619,923
31621,923
31622,923
31623,923
31626,923
31627,923
31628,923
31629,923
31632,923
31633,923
31634,923
31636,923
31637,923
31638,923
31655,923
31675,923
31683,923
31688,923
31691,923
31693,923
31698,923
31699,923
31700,923
31702,923
31707,923
31708,923
31710,923
31711,923
31712,923
31714,923
31715,923
31717,923
31718,923
31719,923
31737,923
31749,923
31785,923
31787,923
31789,923
31789,923
31789,923
31789,923
31812,923
31832,923
31840,923
31848,923
31855,923
31860,923
31863,923
31867,923
31868,923
32049,923
32051,923
32052,923
32105,923
32107,923
32108,923
32120,923
32130,923
32139,923
32257,923
32278,923
32289,923
32312,971
32339,971
32351,971
32361,971
32369,971
32423,923
32425,923
32427,923
32429,923
32457,923
32469,923
32479,923
32545,923
32547,923
32549,923
32584,923
32602,923
32609,971
32657,923
32676,923
32683,923
32689,923
32694,923
32699,923
32756,923
32758,923
32760,923
32791,923
32805,923
32816,923
32825,923
32832,923
32839,924
33014,924
33034,924
33039,924
33098,924
33100,924
33102,924
33104,924
33106,924
33129,924
33142,973
33154,924
33161,924
33165,973
33175,924
33178,924
33181,973
33184,924
33189,923
33330,973
33330,973
33332,973
33333,973
33334,973
33335,973
33378,973
33397,973
33415,973
33428,973
33442,973
33449,973
33602,923
33604,923
33605,923
33607,923
33609,923
33609,923
33611,923
33613,923
33615,923
33617,923
33619,923
33647,923
33649,923
33659,923
33689,923
33699,923
33719,923
33729,923
33739,923
33758,973
33775,973
33790,973
33803,923
33813,923
33818,923
33824,923
33829,973
34117,924
34119,924
34121,924
34123,924
34125,924
34127,924
34128,924
34130,924
34131,924
34132,924
34134,924
34212,924
34225,924
34233,924
34246,924
34253,924
34260,924
34266,924
34270,924
34277,924
34281,924
34286,924
34289,924
34289,924
34292,924
34295,924
34298,924
34302,924
34305,924
34308,924
34311,924
34314,924
34317,924
34320,924
34323,924
34326,924
34327,924
34329,924
34346,924
34355,924
34359,924
34369,924
34376,924
34379,924
34385,924
34388,924
34393,924
34396,924
34399,924
34399,924
34399,924
34414,924
34431,973
34434,924
34439,924
34454,924
34466,924
34471,924
34474,924
34477,924
34479,924
34497,924
34508,924
34513,924
34516,924
34519,924
34537,924
34549,924
34560,924
34576,924
34582,924
34587,924
34590,924
34593,924
34596,924
34599,924
34613,924
34621,924
34626,924
34628,924
34630,924
34632,924
34633,924
34637,924
34639,924
35037,924
35039,924
35041,924
35043,924
35066,924
35075,924
35080,924
35083,924
35085,924
35088,924
35091,924
35094,924
35096,924
35099,924
35102,924
35104,924
35108,924
35110,924
35112,924
35114,924
35116,924
35117,924
35119,924
35216,924
35232,924
35236,924
35239,924
35260,924
35274,924
35279,924
35282,924
35285,924
35287,924
35288,924
35305,924
35315,924
35321,924
35325,924
35327,924
35329,924
35390,924
35392,924
35394,924
35396,924
35398,924
35410,924
35415,924
35418,924
35423,924
35428,924
35435,924
35440,924
35444,924
35447,924
35452,924
35457,924
35460,924
35463,924
35466,924
35469,924
35510,924
35516,924
35519,924
35576,924
35578,924
35579,924
35580,924
35581,924
35582,924
35583,924
35584,924
35585,924
35586,924
35606,924
35614,924
35619,924
35625,924
35630,924
35633,924
35638,924
35641,924
35644,924
35647,974
35649,924
35683,924
35684,924
35685,924
35686,924
35687,924
35688,924
35689,924
35690,924
35708,973
35713,924
35716,924
35719,924
35745,924
35753,924
35756,924
35759,924
35764,924
35767,924
35768,924
35781,924
35789,924
35792,974
35794,974
35796,924
35799,974
36037,924
36039,924
36041,924
36043,924
36088,924
36093,924
36100,924
36103,924
36110,924
36115,924
36119,924
36124,924
36129,924
36132,924
36137,924
36142,924
36145,924
36148,924
36151,924
36154,924
36157,924
36160,924
36163,924
36166,924
36167,924
36169,924
36179,924
36199,924
36205,924
36208,924
36211,924
36214,924
36217,924
36219,924
36251,924
36266,924
36269,924
36272,924
36275,924
36277,924
36280,924
36282,924
36284,924
36286,924
36287,924
36289,924
36304,924
36318,924
36320,924
36323,924
36325,924
36326,924
36329,924
36341,924
36355,924
36358,924
36364,924
36367,924
36369,924
36381,924
36391,924
36396,924
36399,924
36404,983
36414,983
36419,983
36433,983
36448,983
36452,983
36456,983
36457,983
36460,983
36466,983
36469,983
37073,924
37075,924
37077,924
37079,924
37081,924
37083,924
37085,924
37085,924
37115,924
37120,924
37124,924
37127,924
37130,924
37133,924
37136,924
37139,924
37154,924
37170,924
37170,924
37176,924
37181,924
37186,924
37191,924
37194,924
37197,924
37197,924
37199,924
37213,924
37214,924
37215,924
37216,924
37217,924
37218,924
37235,924
37242,924
37247,924
37247,924
37249,924
37269,924
37276,924
37281,924
37284,924
37287,924
37290,924
37293,924
37296,924
37297,924
37299,924
37308,983
37318,983
37327,983
37339,983
37345,983
37351,983
37355,983
37359,983
37412,924
37412,924
37431,924
37434,924
37441,924
37444,923
37445,924
37445,924
37447,924
37447,924
37449,924
37520,924
37539,924
37574,924
37581,924
37586,924
37589,924
37603,923
37619,923
37620,923
37627,923
37632,923
37633,923
37635,923
37639,923
37640,923
37642,923
37643,923
37647,923
37649,923
37671,924
37688,924
37691,923
37691,923
37696,924
37697,923
37699,923
38100,923
38102,923
38104,923
38106,923
38108,923
38110,923
38112,923
38114,923
38116,923
38118,923
38120,923
38122,923
38124,923
38126,923
38154,923
38154,923
38154,923
38159,923
38162,923
38165,923
38170,923
38173,923
38176,923
38179,923
38226,923
38228,923
38229,923
38239,923
38259,923
38268,923
38271,923
38272,923
38274,923
38275,923
38277,923
38279,923
38300,923
38302,923
38304,923
38312,923
38315,923
38319,923
38321,923
38322,923
38324,923
38325,923
38327,923
38329,923
38350,923
38364,923
38368,923
38372,923
38373,923
38375,923
38376,923
38378,923
38379,923
38381,923
38382,923
38384,923
38387,923
38440,923
38442,923
38444,923
38446,923
38448,923
38458,923
38459,923
38461,923
38462,923
38464,923
38465,923
38467,923
38468,923
38470,923
38471,923
38473,923
38474,923
38476,923
38477,923
38479,923
38486,981
38489,981
38518,923
38524,923
38527,923
38528,923
38530,923
38531,923
38533,923
38536,923
38539,923
38542,923
38543,923
38547,923
38550,923
38551,923
38553,923
38554,923
38556,923
38557,923
38559,923
38640,923
38642,923
38642,923
38642,923
38644,923
38644,923
38644,923
38644,923
38667,923
38678,923
38685,923
38690,923
38700,923
38704,923
38707,923
38709,923
38723,923
38729,923
38820,983
38822,983
38828,983
38829,983
38835,983
38836,983
38838,983
38855,983
38871,983
38875,983
38877,983
38879,983
38889,983
38895,983
38899,983
39104,981
39106,981
39108,981
39110,981
39112,981
39114,981
39116,981
39118,981
39120,981
39122,981
39124,981
39126,981
39128,981
39130,981
39164,981
39167,981
39171,981
39175,981
39179,981
39217,983
39218,983
39221,983
39240,983
39245,981
39249,983
39261,983
39264,983
39279,981
39288,981
39291,981
39307,981
39317,981
39319,981
39326,981
39340,981
39343,981
39343,981
39345,981
39356,981
39359,981
39365,981
39387,981
39393,981
39397,981
39418,983
39435,983
39439,983
39443,983
39444,983
39446,983
39448,983
39448,983
39517,981
39517,981
39524,981
39539,981
39576,981
39579,981
39590,981
39596,981
39599,981
39599,981
39606,981
39615,981
39619,981
39624,981
39629,981
39638,981
39646,923
39649,981
40210,972
40211,972
40211,972
40212,972
40213,972
40215,972
40217,972
40219,972
40221,972
40223,972
40225,972
40227,972
40229,972
40231,972
40233,972
40235,972
40237,972
40239,972
40468,972
40470,972
40472,972
40474,972
40476,972
40477,972
40479,972
40489,972
40545,972
40547,972
40549,972
40589,972
40591,972
40593,972
40595,972
40597,972
40599,972
40625,972
40627,972
40629,972
40667,972
40668,972
40670,972
40699,972
40721,972
40723,972
40724,972
40764,972
40789,972
40822,972
40878,972
40880,972
40882,972
40883,972
40885,972
41061,972
41061,972
41061,972
41063,972
41063,972
41065,972
41066,972
41068,972
41069,972
41069,972
41169,972
41179,972
41189,972
41199,972
41236,972
41238,972
41239,972
41334,972
41352,972
41363,972
41366,972
41372,972
41379,972
41460,972
41462,972
41464,972
41466,972
41468,972
41469,972
41470,972
41472,972
41515,972
41516,972
41517,972
41539,972
41540,972
41541,972
41542,972
41564,972
41569,972
41747,972
41747,972
41747,972
41748,972
41748,972
41748,972
41749,972
41751,972
41812,972
41836,972
41844,972
41849,972
42103,972
42105,972
42107,972
42109,972
42111,972
42113,972
42115,972
42117,972
42119,972
42275,972
42277,972
42279,972
42281,972
42283,972
42285,972
42287,972
42289,972
42327,972
42329,972
42349,972
42369,972
42389,972
42399,972
42477,973
42489,972
42499,973
42549,972
42551,972
42553,972
42555,972
42579,972
42651,972
42653,972
42655,972
42657,972
42659,972
42697,972
42699,972
42719,972
42781,972
42799,972
42853,972
42855,972
42857,972
42859,972
42897,972
42899,972
42929,972
44135,972
44137,972
44139,972
44141,972
44143,972
44145,972
44147,972
44149,972
44225,972
44227,972
44229,972
44263,972
44265,972
44267,972
44269,972
44287,972
44289,972
44309,972
44319,972
44328,972
44329,972
44339,972
44357,972
44359,972
44369,972
44379,972
44388,972
44532,973
44534,973
44536,973
44575,972
44577,972
44577,972
44577,972
44579,972
44581,972
44623,972
44623,972
44623,972
44625,972
44627,972
44628,972
44629,972
44649,972
44651,972
44652,972
44653,972
44787,972
44789,972
44791,972
44793,972
44795,972
44797,972
44799,972
44799,972
44801,972
44801,972
44803,972
44805,972
44807,972
44809,972
44866,972
44867,972
44867,972
44869,972
44879,972
44892,972
44894,972
45127,972
45128,972
45130,972
45131,972
45133,972
45134,972
45136,972
45138,972
45139,972
45141,972
45143,972
45144,972
45145,972
45147,972
45149,972
45219,972
45239,972
45257,972
45259,972
45276,972
45277,972
45279,972
45289,972
45307,972
45309,972
45326,972
45327,972
45329,972
45355,972
45356,972
45357,972
45359,972
45468,972
45470,972
45472,972
45473,972
45475,972
45476,972
45478,972
45479,972
45481,972
45525,972
45527,972
45529,972
45549,972
45657,972
45659,972
45661,972
45663,972
45665,972
45699,972
45701,972
45711,972
45721,972
45731,972
45739,972
45768,972
45770,972
45772,972
45879,972
45881,972
45883,972
45884,972
45886,972
45888,972
45889,972
45891,972
45892,972
45894,972
45896,972
45897,972
45897,972
45899,972
45964,972
45966,972
45968,972
46045,972
46047,972
46049,972
46117,972
46119,972
46145,972
46147,972
46149,972
46236,972
46238,972
46240,972
46242,972
46244,972
46282,972
46284,972
46286,972
46325,972
46342,972
46348,972
46354,972
46359,972
46395,972
46397,972
46399,972
46414,972
46419,972
46446,972
46459,972
46483,972
46485,972
46487,972
46499,972
46509,972
46514,972
46519,972
46535,972
46537,972
46539,972
46562,972
46569,972
47051,972
47053,972
47055,972
47057,972
47058,972
47059,972
47119,972
47137,972
47138,972
47139,972
47166,972
47167,972
47169,972
47178,972
47179,972
47198,972
47199,972
47226,972
47228,972
47229,972
47239,972
47249,972
47259,972
47269,972
47279,972
47441,972
47443,972
47445,972
47447,972
47475,972
47495,972
47506,972
47509,972
47533,972
47546,972
47551,972
47559,972
47574,972
47589,972
47608,972
47623,972
47624,972
47625,972
47626,972
47627,972
47638,972
47647,972
47652,972
47661,972
47665,972
47669,972
47798,972
47799,972
47800,972
47802,972
47803,972
47804,972
47805,972
47807,972
47809,972
47829,972
47839,972
47877,972
47906,972
47918,972
47929,972
48143,973
48145,973
48147,973
48149,973
48151,973
48153,973
48155,973
48157,973
48159,973
48161,973
48163,973
48165,973
48167,973
48231,973
48249,972
48268,971
48282,971
48291,973
48301,972
48308,972
48317,973
48324,973
48329,972
48336,973
48341,971
48346,973
48351,973
48356,971
48361,973
48366,971
48369,971
48429,971
48431,971
48432,971
48432,971
48455,971
48465,971
48477,971
48480,971
48485,971
48488,971
48493,971
48496,971
48499,971
48527,971
48529,971
48531,971
48565,971
48599,972
48607,971
48612,971
48619,972
48624,972
48629,971
48653,972
48683,972
48691,972
48703,972
48712,972
48720,972
48727,972
48734,972
48739,972
49074,971
49076,971
49078,971
49080,971
49082,971
49084,971
49086,971
49088,971
49090,971
49124,971
49134,971
49143,971
49152,971
49163,971
49170,971
49176,971
49179,971
49186,971
49191,971
49196,971
49201,971
49205,971
49214,971
49219,971
49324,971
49326,971
49328,971
49356,971
49377,922
49393,922
49401,971
49406,971
49413,922
49419,971
49424,922
49429,922
49434,971
49439,971
49448,971
49451,922
49453,971
49456,922
49457,971
49459,971
49459,971
49477,971
49479,971
49492,971
49497,971
49504,971
49509,971
49525,971
49536,971
49545,971
49549,971
49565,971
49577,971
49584,971
49586,971
49593,971
49594,971
49596,971
49597,971
49599,971
49610,971
49624,922
49626,971
49632,922
49635,971
49637,971
49638,971
49661,922
49681,922
49685,922
49688,922
49692,922
49696,922
49699,922
49716,971
49733,971
49740,922
49744,971
49751,922
49757,922
49762,922
49767,971
49770,922
49774,922
49777,922
49779,922
49808,971
49809,971
49811,971
49824,971
49828,971
49832,971
49835,971
49838,971
49843,971
49844,971
49846,971
49847,971
49849,971
50126,974
50127,974
50129,974
50169,974
50170,974
50170,974
50171,974
50181,974
50189,974
50226,974
50259,974
50321,974
50354,974
50374,974
50389,974
50667,974
50667,974
50668,974
50670,974
50672,974
50674,974
50676,974
50677,974
50678,974
50679,974
50733,974
50735,974
50735,974
50737,974
50739,974
50765,974
50767,974
50769,974
50823,974
50825,974
50827,974
50829,974
50858,974
50859,974
50931,974
50933,974
50935,974
50937,974
50939,974
50939,974
50968,974
50969,974
50996,974
50997,974
50999,974
51061,974
51063,974
51065,974
51067,974
51069,974
51103,974
51105,974
51107,974
51109,974
51143,974
51145,974
51147,974
51149,974
51371,972
51373,972
51375,972
51377,972
51379,972
51381,972
51399,972
51427,972
51429,972
51465,972
51467,972
51469,972
51491,972
51503,972
51515,972
51519,972
51545,973
51570,974
51580,973
51588,973
51597,973
51598,974
51643,973
51645,973
51647,973
51674,973
51688,973
51702,973
51709,973
51766,973
51789,973
52062,974
52064,974
52066,974
52068,974
52070,974
52072,974
52074,974
52076,974
52078,974
52080,974
52134,974
52146,974
52152,974
52152,974
52156,974
52156,974
52156,974
52156,974
52159,974
52159,974
52159,974
52222,974
52222,974
52223,974
52224,974
52249,974
52349,974
52351,974
52353,974
52355,974
52372,974
52379,974
52382,974
52385,974
52388,974
52391,974
52393,974
52396,974
52399,974
52428,974
52441,974
52445,974
52457,974
52459,974
52477,974
52499,974
52511,972
52525,972
52531,972
52538,972
53111,974
53113,974
53115,974
53117,974
53119,974
53121,974
53123,974
53125,974
53127,974
53129,974
53173,974
53175,974
53177,974
53179,974
53225,974
53227,974
53229,974
53332,974
53340,974
53343,974
53347,974
53359,974
53424,974
53426,974
53474,974
53489,974
53498,974
53501,974
53505,974
53506,974
53507,974
53508,974
53518,974
53520,974
53520,974
53520,974
53533,974
53534,974
53539,974
53545,974
53547,974
53547,974
53557,974
53560,974
53562,974
53567,974
53572,974
53577,974
53578,974
53579,974
53604,974
53619,974
53639,974
53721,974
53757,974
53773,974
53783,974
53797,974
53804,974
53809,974
53819,974
53840,974
53842,974
53844,974
53859,974
53879,974
53879,974
53881,974
53894,974
53902,974
53909,974
53913,974
53919,974
53925,974
53937,974
53940,974
53945,974
53947,974
53949,974
54290,975
54292,975
54293,975
54294,975
54295,975
54295,975
54296,975
54298,975
54298,975
54298,975
54298,975
54306,975
54308,975
54309,975
54310,975
54311,975
54313,975
54314,975
54316,975
54317,975
54317,975
54318,975
54320,975
54329,975
54331,975
54331,975
54332,975
54338,975
54340,975
54340,975
54340,975
54341,975
54343,975
54344,975
54346,975
54347,975
54349,975
54411,975
54411,975
54413,975
54413,975
54413,975
54421,975
54422,975
54424,975
54426,975
54426,975
54426,975
54427,975
54429,975
54439,975
54441,975
54441,975
54441,975
54450,975
54451,975
54453,975
54455,975
54456,975
54456,975
54457,975
54459,975
54470,975
54472,975
54472,975
54483,975
54484,975
54486,975
54487,975
54492,975
54497,975
54498,975
54516,975
54518,975
54523,975
54524,975
54526,975
54528,975
54529,975
54531,975
54533,975
54533,975
54534,975
54536,975
54538,975
54539,975
54550,974
54552,974
54552,974
54558,974
54568,974
54570,974
54570,974
54574,974
54576,974
54578,974
54578,974
54578,974
54579,974
54584,974
54585,974
54586,974
54587,974
54589,974
54595,975
54597,975
54597,975
54597,975
54608,975
54610,975
54611,974
54612,975
54614,975
54616,975
54617,975
54619,975
54634,975
54636,975
54646,975
54647,975
54649,975
54655,975
54657,975
54657,975
54662,975
54664,975
54666,975
54668,975
54669,975
54673,975
54675,975
54687,975
54689,975
55116,975
55118,975
55120,975
55122,975
55124,975
55126,975
55127,975
55128,975
55129,975
55130,975
55131,975
55218,975
55232,975
55232,975
55234,975
55234,975
55237,975
55239,975
55246,975
55252,975
55257,975
55262,975
55263,975
55268,975
55270,975
55270,975
55271,975
55276,975
55278,975
55278,975
55283,975
55286,975
55288,975
55288,975
55288,975
55291,975
55294,975
55296,975
55299,975
55411,975
55411,975
55413,975
55422,975
55424,975
55425,975
55430,975
55432,975
55435,975
55437,975
55437,975
55442,975
55444,975
55450,975
55452,975
55452,975
55457,975
55459,975
55459,975
55469,975
55471,975
55471,975
55481,975
55483,975
55483,975
55483,975
55483,975
55483,975
55483,975
55487,975
55490,975
55491,975
55494,975
55496,975
55497,975
55499,975
55543,975
55545,975
55546,975
55559,975
55566,975
55566,975
55568,975
55569,975
55571,975
55576,975
55578,975
55583,975
55585,975
55585,975
55590,975
55592,975
55593,975
55595,975
55595,975
55596,975
55597,975
55599,975
55599,975
55606,975
55606,975
55606,975
55608,975
55608,975
55608,975
55608,975
55618,975
55619,975
55621,975
55624,975
55626,975
55627,975
55629,975
55743,975
55756,975
55758,975
55758,975
55765,975
55765,975
55767,975
55767,975
55768,975
55774,975
55776,975
55777,975
55779,975
56068,974
56070,974
56070,974
56072,974
56073,974
56075,974
56076,974
56077,974
56112,974
56130,974
56132,974
56132,974
56132,974
56133,974
56154,975
56170,974
56179,974
56182,974
56191,974
56203,974
56204,974
56206,974
56218,974
56220,974
56220,974
56235,974
56237,974
56242,974
56242,974
56244,974
56244,974
56244,974
56249,974
56253,975
56254,975
56269,974
56269,974
56271,974
56271,974
56276,974
56281,975
56283,975
56283,975
56288,975
56288,975
56288,975
56290,975
56291,975
56294,974
56295,974
56299,974
56305,974
56307,974
56307,974
56316,974
56317,974
56321,974
56322,974
56323,974
56329,975
56330,974
56332,974
56332,974
56333,974
56335,974
56337,974
56338,974
56338,974
56340,974
56341,974
56346,974
56346,974
56346,974
56346,974
56348,974
56348,974
56348,974
56349,974
56355,974
56355,974
56355,974
56355,974
56355,974
56355,974
56357,974
56368,974
56370,974
56370,974
56370,974
56377,974
56379,974
56379,974
56379,974
56379,974
56379,974
56410,974
56412,974
56412,974
56414,974
56422,974
56424,974
56424,974
56424,974
56427,974
56428,974
56457,974
56459,974
56462,974
56470,974
56472,974
56472,974
56477,974
56479,974
56564,974
56566,974
56567,974
56575,974
56579,974
56581,974
56584,974
56587,974
56588,974
56589,974
56593,974
56594,974
56598,974
56599,974
56626,974
56630,974
56637,974
56642,974
56645,974
56648,974
56651,974
56653,974
56656,974
56659,974
56727,974
56729,974
56736,974
56743,974
56745,974
56746,974
56751,974
56753,974
56753,974
56754,975
56759,975
56761,975
56761,975
56766,975
56767,974
56769,974
56812,975
56814,975
56814,975
56814,975
56814,975
56814,975
56818,975
56820,975
56821,975
56823,975
56825,975
56826,975
56828,975
56829,975
56841,975
56843,975
56843,975
56843,975
56850,975
56856,975
56858,975
56858,975
56858,975
56859,975
56859,975
56861,975
56862,975
56864,975
56865,975
56867,975
56867,975
56869,975
57072,973
57074,973
57076,973
57078,973
57080,973
57223,973
57234,973
57250,973
57258,973
57271,973
57290,973
57299,973
57319,973
57334,973
57339,973
57368,973
57392,973
57399,973
57413,973
57439,973
57462,973
57482,973
57489,973
57518,974
57520,974
57520,974
57520,974
57520,974
57537,974
57539,974
57539,974
57548,974
57555,974
57562,974
57567,974
57572,974
57577,974
57578,974
57580,974
57581,974
57583,974
57584,974
57586,974
57587,974
57589,974
57610,974
57612,974
57614,974
57627,974
57627,974
57629,974
57629,974
57629,974
57629,974
57632,974
57635,974
57636,974
57638,974
57639,974
57641,974
57642,974
57642,974
57644,974
57645,974
57647,974
57648,974
58089,972
58089,972
58091,972
58093,972
58095,972
58097,972
58099,972
58099,972
58119,972
58135,972
58239,973
58256,972
58285,972
58300,972
58313,972
58332,972
58339,972
58452,972
58453,972
58454,972
58455,972
58456,972
58507,973
58509,973
58511,973
58513,973
58515,973
58540,973
58553,973
58566,973
58579,973
58636,973
58638,973
58640,973
58642,973
58644,973
58675,973
58706,973
58708,973
58710,973
58730,973
58739,973
58762,973
58769,973
58791,973
58802,973
58809,973
58840,973
58849,973
59063,973
59065,973
59067,973
59069,973
59071,973
59073,973
59075,973
59077,973
59174,973
59192,973
59199,973
59227,973
59229,973
59269,973
59302,973
59320,973
59329,973
59348,972
59368,973
59379,973
59387,972
59394,972
59399,972
59423,973
59425,973
59425,973
59427,973
59439,973
59457,973
59469,973
59494,973
59505,973
59510,973
59514,973
59519,973
59555,973
59556,973
59557,973
59558,973
59581,973
59590,973
59597,973
59602,973
59609,973
59755,973
59757,973
59759,973
59821,973
59823,973
59846,973
59872,973
59889,973
59909,973
59929,973
59939,973
59955,973
59964,973
59969,973
60306,924
60308,924
60310,924
60311,924
60313,924
60314,924
60316,924
60318,924
60320,924
60322,924
60323,924
60325,924
60326,924
60327,924
60329,924
60385,924
60386,924
60388,924
60389,924
60431,924
60433,924
60435,924
60437,924
60438,924
60439,924
60486,924
60487,924
60488,924
60489,924
60528,924
60529,924
60549,924
60594,924
60596,924
60598,924
60599,924
61118,924
61130,924
61137,924
61138,924
61169,924
61184,924
61191,924
61194,924
61197,924
61200,924
61203,924
61206,924
61209,924
61231,924
61239,924
61250,974
61267,974
61273,974
61276,974
61279,974
61348,974
61350,974
61352,974
61381,974
61389,974
61440,974
61449,974
61462,974
61476,974
61479,974
63065,975
63067,975
63069,975
63071,975
63073,975
63075,975
63110,975
63128,975
63150,975
63165,975
63179,975
63225,975
63263,975
63303,975
63322,975
63329,975
63450,924
63452,924
63454,924
63456,924
63457,924
63477,924
63486,924
63500,975
63505,924
63512,975
63517,924
63526,924
63533,975
63538,924
63543,924
63546,924
63549,924
63571,924
63579,924
63584,924
63589,924
63594,924
63599,924
63607,924
63619,924
63628,924
63633,924
63636,924
63637,924
63639,924
63654,924
63667,924
63674,924
63679,924
63683,924
63688,924
63691,924
63694,924
63695,924
63697,924
63699,924
63739,975
63741,975
63743,975
63755,925
63762,925
63768,925
63773,925
63776,925
63785,925
63791,975
63796,925
63801,975
63801,975
63808,925
63811,975
63814,975
63820,925
63825,925
63826,925
63828,925
63829,925
63831,924
63834,925
63839,925
63840,925
63843,975
63846,925
63849,925
63853,925
63856,925
63857,925
63860,925
63863,925
63864,925
63867,925
63868,925
63869,925
63871,925
63872,925
63874,925
63875,925
63877,925
63879,925
63897,925
63906,925
63911,925
63916,925
63916,925
63920,925
63924,925
63925,925
63927,925
63928,925
63930,925
63931,925
63933,925
63934,925
63936,925
63936,925
63937,925
63939,925
64283,975
64285,975
64287,975
64289,975
64291,975
64293,975
64295,975
64297,975
64319,975
64331,975
64342,975
64347,975
64354,975
64367,975
64372,975
64380,975
64385,975
64390,975
64395,975
64397,975
64401,975
64404,975
64405,975
64407,975
64409,975
64521,975
64546,975
64560,975
64569,975
64572,975
64579,975
64584,975
64589,975
64625,975
64646,975
64646,975
64653,975
64658,975
64665,975
64668,975
64673,975
64678,975
64683,975
64686,975
64689,975
64711,975
64720,975
64732,975
64739,975
64743,975
64747,975
64750,975
64753,975
64754,975
64756,975
64757,975
64759,975
64807,975
64823,975
64832,975
64839,975
64846,975
64850,975
64853,975
64859,975
65183,975
65185,975
65187,975
65189,975
65191,975
65193,975
65195,975
65197,975
65199,975
65201,975
65203,975
65205,975
65207,975
65232,975
65239,975
65307,975
65321,975
65326,975
65329,975
65343,975
65344,975
65345,975
65346,975
65347,975
65366,975
65375,975
65385,975
65388,975
65391,975
65396,975
65399,975
65428,975
65439,975
65451,975
65462,975
65468,975
65474,975
65479,975
65510,975
65520,974
65527,975
65529,975
65549,974
65550,974
65551,974
65552,974
65553,974
65554,974
65555,974
65556,974
65558,974
65558,974
65558,974
65558,974
65558,974
65582,974
65589,974
65594,974
65597,974
65599,974
65604,974
65606,974
65611,974
65614,974
65618,974
65620,974
65623,974
65624,974
65626,974
65627,974
65629,974
65719,975
65760,975
65779,975
65795,975
65812,975
65817,975
65824,975
65830,975
65835,975
65843,975
65929,924
65931,924
65933,924
65934,924
65936,924
66111,975
66113,975
66115,975
66117,975
66119,975
66121,975
66123,975
66125,975
66126,975
66127,975
66128,975
66129,975
66130,975
66131,975
66132,975
66133,975
66265,975
66271,975
66280,975
66287,975
66292,975
66299,975
66333,975
66346,975
66352,975
66359,975
66386,975
66399,975
66424,975
66440,975
66450,975
66453,975
66459,975
66482,975
66484,975
66484,975
66497,975
66500,975
66501,975
66503,975
66504,975
66506,975
66507,975
66509,975
66538,975
66539,975
66540,975
66557,975
66564,975
66571,975
66578,975
66583,975
66589,975
66606,975
66620,975
66625,975
66629,975
66636,975
66640,975
66646,975
66649,975
66663,975
66679,975
66687,975
66693,975
66701,975
66706,975
66709,975
66740,975
66763,975
66773,975
66780,975
66787,975
66793,975
66798,975
66802,975
66806,975
66809,975
66822,975
66839,975
66849,975
66851,975
66851,975
66862,975
66869,975
66871,975
66871,975
66877,975
66879,975
66882,975
66885,975
66887,975
66887,975
66892,975
66894,975
66901,975
66903,975
66903,975
66904,975
66907,975
66909,975
66909,975
66909,975
66914,975
66916,975
66917,975
66919,975
66953,975
66954,975
66955,975
66957,975
66957,975
66957,975
66969,975
66976,975
66978,975
66981,975
66987,975
66987,975
66989,975
66989,975
66994,975
66996,975
66996,975
66999,975
66999,975
67059,975
67061,975
67063,975
67065,975
67067,975
67067,975
67069,975
67071,975
67098,975
67105,975
67112,975
67117,975
67122,975
67125,975
67126,975
67127,975
67133,975
67134,975
67136,975
67141,975
67146,975
67147,975
67149,975
67150,975
67152,975
67157,975
67158,975
67159,975
67161,975
67165,975
67166,975
67167,975
67169,975
67227,975
67229,975
67240,975
67245,975
67246,975
67251,975
67256,975
67256,975
67256,975
67258,975
67259,975
67269,975
67271,975
67271,975
67271,975
67271,975
67273,975
67273,975
67278,975
67280,975
67281,975
67283,975
67292,975
67294,975
67295,975
67297,975
67304,975
67305,975
67307,975
67308,975
67310,975
67311,975
67316,975
67317,975
67319,975
67346,975
67354,975
67360,975
67361,975
67363,975
67365,975
67366,975
67368,975
67373,975
67374,975
67376,975
67377,975
67377,975
67377,975
67378,975
67433,975
67434,975
67435,975
67454,975
67459,975
67466,975
67468,975
67468,975
67471,975
67472,975
67473,975
67475,975
67480,975
67480,975
67482,975
67482,975
67482,975
67483,975
67483,975
67487,975
67489,975
67489,975
67547,975
67549,975
67550,975
67551,975
67574,975
67575,975
67577,975
67578,975
67580,975
67582,975
67583,975
67585,975
67586,975
67587,975
67590,975
67591,975
67591,975
67591,975
67592,975
67593,975
67595,975
67596,975
67598,975
67599,975
67655,975
67657,975
67659,975
67661,975
67661,975
67663,975
67677,975
67678,975
67680,975
67681,975
67685,975
67686,975
67688,975
67691,975
67693,975
67693,975
67697,975
67699,975
67700,975
67701,975
67705,975
67706,975
67707,975
67714,975
67715,975
67716,975
67718,975
67722,975
67724,975
67724,975
67725,975
67727,975
67728,975
67729,975
67731,975
67732,975
67734,975
67735,975
67737,975
67742,975
67742,975
67742,975
67744,975
67744,975
67744,975
67745,975
67745,975
67746,975
67748,975
67749,975
67752,975
67753,975
67753,975
67753,975
67754,975
67756,975
67757,975
67759,975
67759,975
67806,975
67808,975
67808,975
67808,975
67808,975
67808,975
67811,975
67813,975
67814,975
67816,975
67817,975
67819,975
67821,975
67822,975
67822,975
67822,975
67823,975
67824,975
67826,975
67827,975
67829,975
68159,941
68161,941
68163,941
68165,941
68167,941
68169,941
68199,941
68219,941
68229,941
68239,941
68259,941
68305,941
68307,941
68309,941
68519,941
68526,941
68535,941
68542,941
68549,941
68623,975
68642,975
68647,975
68649,975
68723,941
68753,941
68766,941
68775,941
68782,941
68789,941
68794,941
68799,941
68804,941
68809,941
69115,941
69117,941
69118,941
69120,941
69121,941
69123,941
69124,941
69126,941
69151,941
69168,941
69181,941
69181,941
69190,941
69198,941
69207,941
69214,941
69221,941
69226,941
69231,941
69234,941
69239,975
69242,941
69245,941
69250,941
69251,941
69253,941
69254,941
69256,941
69257,941
69259,941
69412,941
69412,941
69427,941
69429,941
69434,975
69436,941
69437,941
69439,941
69469,941
69483,975
69488,975
69493,941
69502,941
69509,975
69514,941
69517,975
69518,975
70173,942
70174,942
70176,942
70178,942
70180,942
70182,942
70184,942
70186,942
70188,942
70190,942
70191,942
70192,942
70193,942
70195,942
70197,942
70199,942
70327,942
70329,942
70372,942
70374,942
70376,942
70378,942
70435,942
70437,942
70439,942
70439,942
70469,942
70499,942
70563,942
70565,942
70567,942
70569,942
70597,942
70599,942
70619,942
70629,942
70734,942
70736,942
70771,942
70794,942
70806,941
70825,941
70839,941
71032,942
71034,942
71063,942
71063,942
71065,942
71067,942
71069,942
71069,942
71083,942
71088,942
71093,942
71101,942
71106,942
71111,942
71116,942
71120,942
71126,942
71131,942
71134,942
71139,942
71144,942
71149,942
71154,942
71155,942
71157,942
71159,942
71229,942
71254,941
71263,942
71272,942
71277,942
71282,941
71287,942
71292,941
71296,941
71297,941
71299,941
71332,942
71334,942
71336,942
71364,942
71384,942
71394,942
71397,942
71397,942
71404,942
71409,942
71522,942
71540,942
71543,941
71546,942
71549,942
71554,942
71560,942
71563,941
71566,942
71570,942
71573,942
71576,942
71577,942
71579,942
71634,941
71636,941
71638,941
71640,941
71642,941
71665,941
71672,941
71672,941
71672,941
71679,941
71686,941
71691,941
71696,941
71701,941
71706,941
71711,941
71717,941
71720,941
71723,941
71726,941
71729,941
71732,941
71735,941
71737,942
71739,941
72070,942
72072,942
72074,942
72076,942
72108,942
72108,942
72108,942
72116,942
72119,942
72124,942
72127,942
72131,942
72135,942
72138,942
72141,942
72141,942
72144,942
72145,942
72145,942
72147,942
72149,942
72160,942
72172,942
72175,942
72178,942
72181,942
72184,942
72186,942
72189,942
72202,942
72213,942
72218,942
72221,942
72224,942
72226,942
72227,942
72229,942
72250,942
72250,942
72270,942
72275,942
72280,942
72285,942
72290,942
72293,942
72294,942
72296,942
72296,942
72297,942
72299,942
72336,942
72348,942
72351,942
72355,942
72356,942
72358,942
72359,942
72361,942
72362,942
72364,942
72365,942
72367,942
72369,942
72379,942
72393,942
72401,942
72406,942
72411,942
72414,942
72415,942
72417,942
72419,942
72458,942
72459,942
72461,942
72469,942
72474,942
72475,942
72477,942
72479,942
72488,942
72501,942
72505,942
72510,942
72511,942
72513,942
72514,942
72516,942
72517,942
72519,942
72525,942
72531,942
72532,942
72534,942
72535,942
72537,942
72539,942
72555,942
72574,942
72581,942
72582,942
72584,942
72585,942
72587,942
72589,942
72622,942
72631,942
72636,942
72639,942
72644,942
72649,942
72654,942
72655,942
72657,942
72657,942
72658,942
72660,942
72661,942
72663,942
72663,942
72664,942
72666,942
72667,942
72669,942
72760,942
72762,942
72762,942
72764,942
72764,942
72766,942
72766,942
72768,942
72770,942
72793,942
72800,942
72805,942
72810,942
72813,942
72818,942
72820,942
72827,942
72829,942
73033,942
73035,942
73037,942
73054,942
73061,942
73066,942
73072,942
73079,942
73084,942
73087,942
73092,942
73095,942
73098,942
73099,942
73101,942
73102,942
73104,942
73105,942
73107,942
73107,942
73108,942
73110,942
73111,942
73113,942
73114,942
73116,942
73117,942
73119,942
73207,942
73230,942
73235,942
73240,942
73249,942
73252,942
73257,942
73257,942
73262,942
73265,942
73266,942
73268,942
73269,942
73271,942
73272,942
73274,942
73275,942
73277,942
73278,942
73312,942
73326,942
73329,942
73333,942
73337,942
73340,942
73342,942
73344,942
73345,942
73347,942
73349,942
73430,942
73431,942
73432,942
73433,942
73434,942
73441,942
73447,942
73450,942
73453,942
73457,942
73460,942
73463,942
73466,942
73467,942
73469,942
73469,942
73479,942
73485,942
73486,942
73488,942
73489,942
73491,942
73492,942
73494,942
73495,942
73497,942
73497,942
73499,942
73525,942
73527,942
73529,942
73540,942
73547,942
73550,942
73553,942
73557,942
73560,942
73563,942
73565,942
73566,942
73568,942
73569,942
73571,942
73572,942
73574,942
73575,942
73577,942
73579,942
73614,942
73630,942
73635,942
73642,942
73650,942
73655,942
73660,942
73663,942
73666,942
73667,942
73669,942
73728,942
73730,942
73732,942
73733,942
73734,942
73760,942
73765,942
73770,942
73773,942
73776,942
73779,942
74072,941
74074,941
74076,941
74078,941
74080,941
74081,941
74172,941
74177,941
74182,941
74189,941
74193,941
74196,941
74199,941
74206,941
74211,941
74214,941
74219,941
74223,941
74226,941
74229,941
74232,941
74235,941
74238,941
74239,941
74243,941
74245,941
74246,941
74248,941
74249,941
74251,941
74252,941
74254,941
74255,941
74257,941
74259,941
74321,941
74321,941
74336,941
74343,941
74348,941
74354,941
74354,941
74357,941
74360,941
74363,941
74366,941
74369,941
74372,941
74374,941
74376,941
74379,941
74382,941
74385,941
74388,941
74389,941
74391,941
74392,941
74394,941
74395,941
74397,941
74399,941
74405,942
74417,942
74420,942
74423,942
74424,942
74426,942
74426,942
74427,942
74429,942
74523,942
74532,942
74532,942
74535,942
74538,942
74541,942
74542,942
74544,942
74545,942
74547,942
74549,942
74564,942
74572,942
74575,942
74579,942
74582,942
74585,942
74586,942
74589,942
74592,942
74594,942
74595,942
74597,942
74597,942
74599,942
74613,941
74626,941
74629,941
74632,941
74635,941
74638,941
74639,941
74653,941
74670,941
74670,941
74673,941
74676,941
74677,941
74679,941
74706,941
74722,941
74731,941
74736,941
74740,941
74743,941
74744,941
74746,941
74747,941
74749,941
74821,941
74831,941
74834,941
74838,941
74842,941
74847,941
74850,941
74855,941
74858,941
74861,941
74862,941
74864,941
74865,941
74867,941
74869,941
74889,941
74906,941
74909,941
74912,941
74915,941
74918,941
74921,941
74924,941
74925,941
74927,941
74928,941
74930,941
74931,941
74933,941
74934,941
74936,941
74937,941
74939,941
75015,941
75031,941
75038,941
75045,941
75050,941
75053,941
75056,941
75057,941
75059,941
75172,941
75173,941
75175,941
75177,941
75179,941
75180,941
75181,941
75196,941
75203,941
75210,941
75217,941
75223,941
75228,941
75233,941
75236,941
75239,941
75242,941
75245,941
75248,941
75249,941
75305,941
75323,942
75328,942
75331,941
75334,941
75335,942
75337,942
75339,942
75365,942
75378,942
75382,942
75385,942
75387,942
75389,942
75391,942
75392,942
75394,942
75395,942
75397,942
75397,942
75399,942
75417,941
75428,941
75433,941
75438,941
75443,941
75446,941
75447,941
75449,941
76131,941
76133,941
76135,941
76137,941
76139,941
76149,941
76185,941
76187,941
76189,941
76199,941
76227,941
76228,941
76229,941
76275,941
76287,941
76297,941
76307,941
76316,941
76327,941
76332,942
76337,941
76344,941
76351,941
76356,941
76359,941
76437,942
76448,942
76456,942
76461,942
76467,942
76470,942
76473,942
76474,942
76476,942
76477,942
76479,942
76530,942
76532,942
76534,942
76547,942
76549,942
76571,942
76593,942
76596,942
76597,942
76599,942
76646,941
76646,941
76661,941
76669,941
76676,941
76684,941
76689,941
76694,941
76698,941
76703,941
76706,941
76707,941
76709,941
76726,975
76744,975
76751,975
76756,975
76761,975
76764,975
76767,975
76768,975
76770,975
76771,975
76773,975
76774,975
76776,975
76777,975
76779,975
76829,975
76829,975
76831,975
76831,975
76833,975
76835,975
76835,975
76846,975
76848,975
76848,975
76855,975
76855,975
76857,975
76863,975
76865,975
76870,975
76872,975
76877,975
76879,975
76887,975
76887,975
76887,975
76887,975
76889,975
76891,975
77652,942
77654,942
77656,942
77694,942
77704,942
77709,942
77716,942
77723,942
77728,942
77731,942
77736,942
77740,942
77743,942
77746,942
77749,942
77756,942
77761,942
77767,942
77770,942
77773,942
77776,942
77781,942
77784,942
77787,942
77790,942
77791,942
77793,942
77794,942
77796,942
77797,942
77799,942
77815,942
77830,942
77833,942
77836,942
77839,942
77855,942
77866,942
77871,942
77876,942
77880,942
77880,942
77883,942
77886,942
77887,942
77889,942
77933,942
77948,942
77955,942
77960,942
77963,942
77966,942
77971,942
77972,942
77974,942
77975,942
77977,942
77978,942
78048,942
78050,942
78052,942
78052,942
78052,942
78054,942
78056,942
78073,942
78078,942
78083,942
78086,942
78087,942
78089,942
78089,942
78089,942
78089,942
78089,942
78098,942
78112,942
78120,942
78126,942
78132,942
78136,942
78141,942
78144,942
78147,942
78148,942
78166,942
78166,942
78176,942
78183,942
78187,942
78194,942
78199,942
78224,942
78234,942
78239,942
78244,942
78247,942
78250,942
78253,942
78256,942
78259,942
78262,942
78266,942
78267,942
78269,942
78315,942
78333,942
78333,942
78337,942
78343,942
78345,942
78351,942
78354,942
78355,942
78357,942
78359,942
78462,942
78464,942
78465,942
78465,942
78467,942
78476,942
78479,942
78479,942
78479,942
78479,942
78479,942
78479,942
78532,942
78549,942
78554,942
78559,942
78564,942
78567,942
78570,942
78573,942
78576,942
78579,942
78580,942
78582,942
78583,942
78585,942
78586,942
78588,942
78589,942
78591,942
78592,942
78594,942
78595,942
78597,942
78598,942
78600,942
78601,942
78603,942
78604,942
78606,942
78607,942
78609,942
78628,942
78628,942
78647,942
78652,942
78655,942
78658,942
78661,942
78662,942
78664,942
78665,942
78667,942
78669,942
78713,942
78727,942
78730,942
78733,942
78736,942
78737,942
78739,942
79098,942
79100,942
79102,942
79104,942
79106,942
79106,942
79106,942
79106,942
79106,942
79108,942
79108,942
79110,942
79110,942
79111,942
79112,942
79114,942
79115,942
79115,942
79117,942
79117,942
79183,942
79189,942
79194,942
79199,942
79206,942
79211,942
79215,942
79219,942
79224,942
79227,942
79232,942
79235,942
79238,942
79241,942
79244,942
79249,942
79252,942
79254,942
79256,942
79258,942
79261,942
79263,942
79268,942
79271,942
79274,942
79276,942
79279,942
79280,942
79282,942
79283,942
79285,942
79286,942
79288,942
79289,942
79291,942
79292,942
79294,942
79295,942
79297,942
79299,942
79312,942
79331,942
79336,942
79341,942
79346,942
79348,942
79350,942
79353,942
79356,942
79359,942
79361,942
79362,942
79364,942
79364,942
79365,942
79367,942
79369,942
79379,942
79395,942
79395,942
79400,942
79410,942
79415,942
79418,942
79423,942
79423,942
79424,942
79426,942
79427,942
79429,942
79539,942
79540,942
79541,942
79576,942
79585,942
79588,942
79589,942
79591,942
79592,942
79594,942
79595,942
79595,942
79597,942
79599,942
79618,942
79639,942
79650,942
79664,942
79669,942
79674,942
79677,942
79682,942
79685,942
79686,942
79688,942
79689,942
79692,942
79694,942
79695,942
79713,942
79725,942
79730,942
79733,942
79736,942
79737,942
79739,942
79761,942
79771,942
79774,942
79777,942
79780,942
79787,942
79790,942
79793,942
79798,942
79801,942
79802,942
79804,942
79805,942
79807,942
79809,942
79822,942
79837,942
79843,942
79848,942
79853,942
79856,942
79859,942
79862,942
79865,942
79868,942
79871,942
79872,942
79874,942
79875,942
79877,942
79879,942
80331,926
80333,926
80335,926
80336,926
80337,926
80339,926
80469,926
80538,926
80539,926
80634,926
80636,926
80637,926
80638,926
80639,926
80686,926
80687,926
80689,926
80796,926
80797,926
80798,926
80799,926
80801,926
80802,926
80803,926
80804,926
80805,926
80807,926
80809,926
80933,926
80935,926
80937,926
80939,926
80992,926
80993,926
80995,926
80997,926
80999,926
81241,926
81243,926
81245,926
81247,926
81249,926
81369,926
81371,926
81373,926
81375,926
81377,926
81379,926
81475,926
81476,926
81477,926
81479,926
81539,926
81541,926
81543,926
81545,926
81545,926
81547,926
81549,926
81667,926
81669,926
81671,926
81673,926
81675,926
81677,926
81679,926
81735,926
81737,926
81739,926
81825,926
81827,926
81829,926
81925,926
81927,926
81927,926
81929,926
82008,926
82024,926
82031,926
82041,926
82049,926
82054,926
82057,926
82061,926
82064,926
82065,926
82067,926
82069,926
82110,926
82131,926
82140,926
82152,926
82166,926
82178,926
82194,926
82205,926
82211,926
82216,926
82223,926
82229,926
82234,926
82237,926
82239,926
82256,926
82266,926
82269,926
82272,926
82275,926
82276,926
82278,926
82279,926
82281,926
82284,926
82285,926
82287,926
82288,926
82290,926
82291,926
82293,926
82294,926
82296,926
82297,926
82299,926
82319,926
82327,926
82335,926
82340,926
82343,926
82346,926
82347,926
82349,926
82362,926
82377,926
82380,976
82383,976
82386,926
82387,926
82389,926
82390,926
82392,926
82393,926
82395,926
82396,926
82398,926
82399,926
82401,976
82401,976
82402,926
82404,926
82405,926
82407,926
82409,926
82418,926
82431,926
82432,926
82433,926
82435,926
82436,926
82438,926
82439,926
82441,926
82442,926
82444,926
82445,926
82447,926
82449,926
82467,926
82475,926
82481,926
82487,926
82488,926
82490,926
82491,926
82493,926
82494,926
82496,926
82497,926
82499,926
82515,926
82538,926
82541,926
82544,926
82547,926
82549,926
83022,926
83024,926
83026,926
83043,926
83052,926
83059,926
83064,926
83071,926
83075,926
83080,926
83083,926
83088,926
83093,926
83098,926
83101,926
83104,926
83109,926
83112,926
83115,926
83119,926
83122,926
83123,926
83125,926
83126,926
83128,926
83129,926
83131,926
83132,926
83134,926
83135,926
83137,926
83139,926
83209,926
83224,926
83229,926
83233,926
83236,926
83242,926
83246,926
83250,926
83253,926
83254,926
83256,926
83257,926
83259,926
83278,926
83301,926
83308,926
83313,926
83317,926
83324,926
83329,926
83334,926
83339,926
83342,926
83346,926
83349,926
83352,926
83355,926
83358,926
83361,926
83362,926
83364,926
83365,926
83367,926
83368,926
83370,926
83371,926
83373,926
83374,926
83376,926
83377,926
83379,926
83395,926
83404,926
83410,926
83413,926
83416,926
83417,926
83435,926
83451,926
83454,926
83457,926
83458,926
83471,926
83483,926
83486,926
83487,926
83487,926
83512,926
83527,926
83530,926
83533,926
83536,926
83539,926
83543,926
83544,926
83546,926
83547,926
83549,926
83550,926
83553,926
83555,926
83556,926
83558,926
83559,926
83561,926
83562,926
83564,926
83565,926
83567,926
83569,926
83607,926
83620,926
83623,926
83624,926
83626,926
83627,926
83629,926
83646,926
83661,926
83666,926
83670,926
83671,926
83673,926
83674,926
83676,926
83677,926
83679,926
83684,926
83700,926
83703,926
83707,926
83708,926
83714,926
83727,926
83730,926
83734,926
83735,926
83737,926
84028,926
84030,926
84032,926
84034,926
84036,926
84048,926
84051,926
84056,926
84061,926
84066,926
84069,926
84072,926
84076,926
84079,926
84082,926
84085,926
84088,926
84089,926
84091,926
84092,926
84094,926
84095,926
84097,926
84098,926
84100,926
84101,926
84103,926
84104,926
84106,926
84107,926
84109,926
84130,926
84137,926
84140,926
84144,926
84149,926
84152,926
84155,926
84160,926
84163,926
84164,926
84166,926
84168,926
84169,926
84171,926
84172,926
84174,926
84175,926
84177,926
84178,926
84180,926
84181,926
84183,926
84184,926
84186,926
84187,926
84189,926
84307,926
84323,926
84326,926
84329,926
84332,926
84333,926
84335,926
84337,926
84339,926
84347,926
84359,926
84364,926
84367,926
84371,926
84375,926
84378,926
84381,926
84384,926
84385,926
84387,926
84389,926
84405,926
84416,926
84419,926
84424,926
84427,926
84428,926
84431,926
84432,926
84434,926
84435,926
84437,926
84439,926
84453,926
84478,926
84489,926
84494,926
84503,926
84508,926
84513,926
84518,926
84524,926
84529,926
84533,926
84539,926
84543,926
84544,926
84546,926
84547,926
84549,926
84550,926
84552,926
84553,926
84555,926
84556,926
84558,926
84559,926
84561,926
84562,926
84564,926
84565,926
84567,926
84568,926
84570,926
84571,926
84573,926
84574,926
84576,926
84577,926
84579,926
85049,926
85051,926
85053,926
85055,926
85057,926
85072,925
85077,926
85080,925
85084,926
85088,926
85092,925
85095,925
85098,925
85101,925
85104,925
85107,926
85110,925
85111,925
85113,925
85114,925
85116,925
85117,925
85119,926
85120,925
85122,925
85123,926
85125,925
85126,926
85128,925
85129,925
85131,925
85132,925
85134,925
85135,925
85137,925
85139,925
85221,926
85229,926
85232,926
85235,926
85238,926
85241,926
85244,926
85247,926
85250,926
85253,926
85254,926
85256,926
85258,926
85259,926
85276,926
85283,926
85290,926
85293,926
85296,926
85298,926
85301,926
85302,926
85304,926
85305,926
85307,926
85309,926
85354,926
85356,926
85368,926
85375,926
85376,926
85386,926
85391,926
85395,926
85399,926
85402,926
85405,926
85406,926
85408,926
85410,926
85411,926
85413,926
85414,926
85416,926
85417,926
85419,926
85435,926
85445,926
85447,926
85452,926
85456,926
85457,926
85459,926
85461,926
85462,926
85464,926
85465,926
85467,926
85469,926
85521,926
85540,926
85551,926
85560,926
85567,926
85570,926
85579,926
85586,926
85591,926
85598,926
85599,926
85604,926
85609,926
85614,926
85617,926
85622,926
85625,926
85630,926
85635,926
85640,926
85643,926
85646,926
85649,926
85652,926
85653,926
85656,926
85658,926
85659,926
85661,926
85662,926
85664,926
85665,926
85667,926
85669,926
85716,926
85737,926
85748,926
85757,926
85764,926
85774,926
85777,926
85778,926
86150,976
86152,976
86153,976
86154,976
86156,976
86157,976
86159,976
86161,976
86163,976
86165,976
86167,976
86169,976
86179,976
86199,976
86316,976
86343,976
86356,976
86368,976
86381,976
86391,976
86399,976
86405,976
86415,926
86420,976
86424,976
86438,976
86441,976
86444,976
86447,976
86450,976
86453,976
86456,976
86459,976
86462,976
86465,976
86465,976
86470,976
86473,976
86476,976
86477,976
86479,976
86480,976
86482,976
86483,976
86485,976
86486,976
86488,976
86489,976
86491,976
86492,976
86494,976
86495,976
86497,976
86498,976
86500,976
86502,976
86504,926
86505,976
86507,976
86508,976
86510,976
86511,976
86513,976
86514,976
86517,976
86519,976
86529,926
86551,926
86554,926
86556,926
86558,926
86559,926
86561,926
86562,926
86564,926
86565,926
86567,926
86568,926
86570,926
86571,926
86573,976
86574,976
86576,926
86577,926
86579,926
86609,976
86633,926
86637,976
86641,976
86643,976
86647,976
86650,942
86653,976
86655,942
86657,976
86660,976
86663,976
86666,976
86668,926
86669,926
86672,976
86673,926
86674,976
86675,976
86676,926
86678,976
86679,976
86681,976
86682,976
86684,976
86685,976
86687,976
86688,976
86690,976
86692,976
86694,976
86695,976
86697,926
86698,976
86700,976
86701,926
86703,976
86704,976
86706,926
86707,976
86709,925
86720,942
86732,942
86733,942
86735,942
86736,925
86738,942
86739,942
86741,942
86742,942
86744,942
86745,942
86747,942
86748,942
86750,942
86751,942
86753,942
86754,942
86756,942
86757,942
86759,942
86807,976
86825,976
86830,976
86833,976
86836,976
86842,976
86845,976
86850,976
86853,976
86854,976
86856,976
86857,976
86859,976
86860,976
86862,976
86863,976
86865,976
86866,976
86868,976
86869,976
86871,976
86872,976
86874,976
86875,976
86877,976
86879,976
86899,976
86911,926
86916,976
86919,926
86920,976
86922,926
86923,976
86925,976
86926,926
86928,976
86929,976
86931,976
86932,976
86934,976
86935,976
86937,976
86938,926
86940,976
86941,926
86943,976
86944,976
86946,976
86947,976
86949,926
86956,976
86971,976
86972,976
86974,976
86975,976
86977,976
86978,976
86980,976
86981,976
86983,976
86984,926
86986,976
86987,976
86989,976
87435,976
87437,976
87439,976
87448,976
87452,976
87459,926
87463,976
87466,976
87471,976
87474,976
87477,976
87480,976
87484,976
87487,976
87488,976
87490,976
87493,976
87494,976
87496,976
87497,976
87499,976
87509,976
87527,976
87534,976
87538,976
87541,976
87544,976
87545,976
87547,976
87549,976
87561,976
87600,976
87616,976
87629,926
87634,976
87637,926
87640,976
87642,926
87645,926
87647,976
87648,976
87648,976
87650,976
87651,976
87653,976
87654,976
87656,976
87657,976
87659,926
87660,976
87662,976
87663,976
87665,976
87666,976
87668,976
87669,926
87671,976
87672,976
87674,976
87675,976
87677,976
87679,976
87700,976
87719,976
87724,976
87727,976
87730,976
87733,976
87734,976
87736,976
87737,976
87739,976
87740,976
87742,976
87743,976
87745,976
87746,976
87748,976
87749,976
87751,976
87752,976
87754,976
87755,976
87757,976
87758,976
87760,976
87761,976
87763,976
87764,976
87766,976
87767,976
87769,976
87770,976
87772,976
87773,976
87775,976
87776,976
87778,976
87779,976
87781,976
87782,976
87784,976
87785,976
87787,976
87789,976
88045,942
88046,942
88048,942
88069,942
88074,942
88079,942
88085,942
88090,942
88094,942
88097,942
88099,942
88131,942
88138,942
88142,942
88145,942
88147,942
88149,942
88161,942
88167,942
88171,942
88175,942
88178,942
88179,942
88212,942
88213,942
88214,942
88239,942
88250,942
88255,942
88260,942
88263,942
88267,942
88271,942
88273,942
88276,942
88279,942
88281,942
88284,942
88285,942
88287,942
88289,942
88299,942
88316,942
88317,942
88319,942
88326,942
88339,942
88348,942
88353,942
88356,942
88361,942
88364,942
88367,942
88368,942
88370,942
88371,942
88373,942
88374,942
88376,942
88377,942
88379,942
88379,942
88400,942
88410,942
88416,942
88422,942
88427,942
88430,942
88433,942
88436,942
88437,942
88441,942
88444,942
88447,942
88448,942
88450,942
88451,942
88453,942
88454,942
88456,942
88457,942
88457,942
88459,942
88471,942
88471,942
88477,942
88480,942
88481,942
88483,942
88484,942
88486,942
88487,942
88489,942
88499,942
88512,942
88512,942
88515,942
88518,942
88521,942
88524,942
88525,942
88527,942
88529,942
88605,942
88630,942
88631,942
88633,942
88634,942
88636,942
88637,942
88639,942
88662,942
88662,942
88677,942
88682,942
88690,942
88693,942
88696,942
88697,942
88699,942
88709,942
88709,942
88718,942
88719,942
89073,942
89075,942
89077,942
89079,942
89081,942
89081,942
89129,942
89134,942
89143,942
89150,942
89155,942
89160,942
89165,942
89168,942
89168,942
89171,942
89173,942
89174,942
89176,942
89177,942
89179,942
89180,942
89182,942
89183,942
89185,942
89186,942
89188,942
89189,942
89191,942
89192,942
89194,942
89195,942
89197,942
89198,942
89231,976
89233,976
89250,976
89257,976
89264,976
89269,976
89275,942
89278,976
89281,976
89284,976
89287,976
89290,976
89291,976
89293,976
89294,976
89296,976
89297,976
89299,976
89312,976
89331,976
89335,976
89340,942
89343,976
89344,976
89346,976
89347,976
89349,976
89350,976
89352,976
89353,976
89355,976
89356,976
89358,976
89359,976
89361,976
89362,976
89364,976
89365,976
89367,976
89368,976
89407,976
89415,976
89420,976
89423,942
89426,942
89428,942
89429,942
89431,942
89434,976
89435,976
89437,942
89438,976
89440,976
89441,942
89443,976
89446,942
89447,942
89518,942
89520,942
89522,942
89537,942
89542,942
89542,942
89547,942
89551,942
89555,942
89558,942
89561,942
89564,942
89567,942
89568,942
89584,942
89584,942
89597,942
89601,942
89604,942
89604,942
89605,942
89605,942
89607,942
89608,942
89610,942
89611,942
89613,942
89614,942
89616,942
89617,942
89619,942
90402,925
90403,925
90408,925
90409,925
90411,925
90411,925
90419,925
90425,925
90427,925
90429,925
90431,925
90439,925
90441,925
90443,925
90449,925
90451,925
90453,925
90455,925
90455,925
90459,925
90461,925
90469,925
90471,925
90471,925
90473,925
90475,925
90478,925
90480,925
90482,925
90489,925
90491,925
90513,925
90518,925
90522,925
90530,925
90537,925
90542,925
90547,925
90552,925
90556,925
90559,925
90562,925
90571,925
90574,925
90579,925
90584,925
90587,925
90592,925
90596,925
90599,925
90602,925
90607,925
90610,925
90613,925
90614,925
90616,925
90617,925
90619,925
90762,925
90763,925
90765,925
90766,925
90768,925
91052,925
91054,925
91056,925
91058,925
91074,925
91077,925
91080,925
91083,925
91085,925
91086,925
91088,925
91090,925
91091,925
91093,925
91093,925
91094,925
91096,925
91097,925
91099,925
91126,925
91154,925
91161,925
91166,925
91171,925
91174,925
91177,925
91180,925
91183,925
91186,925
91187,925
91189,925
91207,925
91217,925
91220,925
91224,925
91227,925
91230,925
91233,925
91235,925
91236,925
91238,925
91239,925
91241,925
91242,925
91244,925
91245,925
91247,925
91249,925
91257,925
91275,925
91278,925
91281,925
91282,925
91284,925
91286,925
91287,925
91289,925
91301,925
91315,925
91320,925
91322,925
91325,925
91327,925
91330,925
91332,925
91334,925
91336,925
91338,925
91338,925
91341,925
91341,925
91344,925
91346,925
91347,925
91349,925
91350,925
91352,925
91353,925
91355,925
91356,925
91358,925
91359,925
91361,925
91362,925
91364,925
91365,925
91367,925
91369,925
91413,925
91438,925
91443,925
91448,925
91452,925
91456,925
91459,925
91460,925
91462,925
91463,925
91465,925
91466,925
91468,925
91469,925
91471,925
91472,925
91474,925
91475,925
91477,925
91477,925
91478,925
91480,925
91481,925
91483,925
91484,925
91486,925
91487,925
91489,925
91522,925
91541,925
91550,925
91555,925
91560,925
91564,925
91567,925
91572,925
91575,925
91578,925
91580,925
91583,925
91586,925
91587,925
91589,925
91590,925
91592,925
91593,925
91595,925
91596,925
91598,925
91599,925
91601,925
91602,925
91604,925
91605,925
91607,925
91608,925
91610,925
91611,925
91613,925
91614,925
91616,925
91617,925
91619,925
91620,925
91622,925
91623,925
91625,925
91626,925
91628,925
91629,925
91631,925
91632,925
91634,925
91635,925
91637,925
91639,925
91710,925
91717,925
91719,925
91720,925
91722,925
91723,925
91725,925
91726,925
91728,925
91729,925
91731,925
91732,925
91734,925
91735,925
91737,925
91738,925
91740,925
91741,925
91743,925
91744,925
91746,925
91747,925
91749,925
91757,925
91781,925
91785,925
91788,925
91790,925
91792,925
91793,925
91795,925
91796,925
91798,925
91799,925
91801,925
91802,925
91804,925
91805,925
91807,925
91809,925
92224,925
92237,925
92242,925
92245,925
92249,925
92253,925
92256,925
92259,925
92260,925
92262,925
92263,925
92265,925
92265,925
92266,925
92266,925
92268,925
92269,925
92271,925
92272,925
92274,925
92275,925
92277,925
92278,925
92280,925
92281,925
92283,925
92284,925
92286,925
92287,925
92289,925
92318,925
92331,925
92334,925
92339,925
92342,925
92345,925
92348,925
92353,925
92355,925
92358,925
92360,925
92361,925
92363,925
92364,925
92366,925
92367,925
92369,925
92421,925
92431,925
92436,925
92439,925
92442,925
92444,926
92445,925
92447,925
92449,925
92507,925
92521,925
92526,925
92533,925
92536,925
92539,925
92540,925
92542,925
92543,925
92545,925
92546,925
92548,925
92549,925
92551,925
92552,925
92554,925
92555,925
92557,925
92559,925
92637,925
92648,925
92655,925
92660,925
92665,925
92670,925
92676,925
92681,925
92685,925
92690,925
92693,925
92694,925
92696,925
92697,925
92699,925
92700,925
92702,925
92703,925
92705,925
92706,925
92708,925
92709,925
92711,925
92712,925
92714,925
92715,925
92717,925
92718,925
92720,925
92721,925
92723,925
92724,925
92726,925
92727,925
92729,925
93047,926
93049,926
93051,926
93053,926
93055,926
93057,926
93059,926
93073,926
93077,926
93080,926
93083,926
93086,926
93087,926
93089,926
93090,926
93092,926
93093,926
93095,926
93096,926
93098,926
93099,926
93101,926
93102,926
93104,926
93105,926
93107,926
93109,926
93109,926
93128,925
93133,925
93138,925
93142,925
93149,925
93152,925
93155,925
93158,925
93161,925
93164,925
93167,926
93170,926
93173,926
93176,925
93177,926
93179,926
93180,925
93182,925
93183,925
93185,926
93186,925
93188,925
93189,926
93191,926
93192,926
93194,926
93195,925
93197,925
93197,925
93199,926
93309,926
93326,926
93333,926
93336,925
93339,926
93342,926
93343,926
93345,926
93346,926
93348,926
93349,925
93351,925
93352,926
93354,926
93356,926
93358,926
93359,926
93413,926
93426,926
93426,926
93437,926
93444,926
93449,926
93453,926
93455,926
93458,926
93462,926
93464,926
93466,926
93468,926
93470,926
93471,926
93473,926
93474,926
93476,926
93477,926
93479,926
93480,926
93482,926
93483,926
93485,926
93486,926
93488,926
93489,926
93491,926
93492,926
93494,926
93495,926
93497,926
93499,926
94032,926
94034,926
94036,926
94051,926
94060,926
94065,926
94072,926
94078,926
94081,926
94086,926
94089,926
94094,926
94099,926
94104,926
94107,926
94110,926
94113,926
94116,926
94118,926
94121,926
94124,926
94127,926
94130,926
94133,926
94136,926
94137,926
94139,926
94140,926
94142,926
94143,926
94145,926
94146,926
94148,926
94149,926
94151,926
94152,926
94154,926
94157,926
94158,926
94160,926
94161,926
94163,926
94164,926
94166,926
94167,926
94169,926
94209,926
94227,926
94234,926
94239,926
94244,926
94249,926
94250,926
94252,926
94253,926
94255,926
94256,926
94258,926
94259,926
94261,926
94262,926
94264,926
94265,926
94267,926
94269,926
94315,926
94327,926
94330,926
94333,926
94336,926
94339,926
94342,926
94344,926
94345,926
94347,926
94348,926
94350,926
94351,926
94353,926
94354,926
94356,926
94357,926
94359,926
94360,926
94362,926
94363,926
94365,926
94366,926
94368,926
94369,926
94371,926
94372,926
94374,926
94375,926
94377,926
94379,926
94405,926
94419,926
94424,926
94428,926
94431,926
94436,926
94437,926
94439,926
94447,926
94469,926
94474,926
94481,926
94486,926
94491,926
94496,926
94501,926
94505,926
94508,926
94513,926
94518,926
94522,926
94526,926
94527,926
94529,926
94530,926
94532,926
94533,926
94535,926
94536,926
94538,926
94539,926
94541,926
94542,926
94544,926
94545,926
94547,926
94548,926
94550,926
94551,926
94553,926
94554,926
94556,926
94557,926
94559,926
94560,926
94562,926
94563,926
94566,926
94568,926
94569,926
94571,926
94572,926
94574,926
94575,926
94577,926
94579,926
95028,925
95030,925
95032,925
95100,925
95111,925
95119,925
95126,925
95131,925
95138,925
95145,925
95152,925
95158,925
95163,925
95163,925
95168,925
95173,925
95176,925
95179,925
95180,925
95182,925
95183,925
95185,925
95186,925
95188,925
95189,925
95191,925
95192,925
95194,925
95195,925
95197,925
95199,925
95213,925
95233,925
95234,925
95236,925
95237,925
95239,925
95326,925
95336,925
95339,925
95346,925
95349,925
95352,925
95355,925
95356,925
95358,925
95359,925
95361,925
95362,925
95364,925
95365,925
95367,925
95369,925
95444,925
95445,925
95447,925
95448,925
95460,925
95460,925
95463,925
95466,925
95469,925
95473,925
95478,925
95482,925
95485,925
95485,925
95488,925
95490,925
95491,925
95493,925
95494,925
95496,925
95496,925
95497,925
95499,925
95500,925
95502,925
95503,925
95503,925
95505,925
95505,925
95506,925
95508,925
95509,925
95511,925
95512,925
95514,925
95515,925
95517,925
95519,925
95615,925
95632,925
95643,925
95652,925
95659,925
95666,925
95671,925
95676,925
95679,925
95680,925
95682,925
95683,925
95685,925
95686,925
95688,925
95689,925
95691,925
95692,925
95694,925
95694,925
95695,925
95697,925
95698,925
95700,925
95701,925
95703,925
95704,925
95706,925
95707,925
95709,925
96047,925
96049,925
96050,925
96052,925
96103,925
96106,925
96110,925
96114,925
96117,925
96120,925
96123,925
96126,925
96129,925
96132,925
96135,925
96138,925
96142,925
96145,925
96146,925
96148,925
96149,925
96151,925
96152,925
96154,925
96155,925
96157,925
96158,925
96160,925
96161,925
96163,925
96164,925
96166,925
96167,925
96169,925
96170,925
96172,925
96173,925
96175,925
96176,925
96178,925
96179,925
96181,925
96182,925
96184,925
96185,925
96187,925
96188,925
96190,925
96191,925
96193,925
96194,925
96196,925
96197,925
96199,925
96215,925
96224,925
96231,925
96237,925
96242,925
96247,925
96250,925
96253,925
96257,925
96260,925
96264,925
96268,925
96269,925
96271,925
96272,925
96274,925
96275,925
96277,925
96279,925
96317,925
96328,925
96332,925
96337,925
96342,925
96346,925
96349,925
96352,925
96355,925
96358,925
96361,925
96364,925
96365,925
96367,925
96369,925
96450,925
96465,925
96472,925
96476,925
96479,925
96482,925
96484,925
96486,925
96487,925
96489,925
96515,983
96523,983
96524,983
96528,983
97070,925
97072,925
97074,925
97076,925
97078,925
97080,925
97082,925
97084,925
97199,941
97204,925
97209,925
97215,925
97218,925
97222,925
97225,925
97228,925
97230,925
97232,925
97234,925
97236,925
97237,925
97239,941
97241,925
97243,941
97244,941
97246,925
97247,925
97249,925
97250,925
97252,941
97253,941
97255,941
97256,925
97258,925
97259,925
97261,925
97262,925
97264,925
97265,925
97267,925
97268,941
97270,925
97271,925
97273,925
97274,925
97276,925
97277,925
97279,925
97280,925
97282,925
97283,941
97285,941
97286,925
97288,925
97289,925
97291,925
97292,925
97294,925
97295,925
97297,925
97299,925
97318,925
97320,925
97320,925
97320,925
97332,925
97334,925
97337,925
97340,925
97342,925
97346,925
97348,925
97348,925
97348,925
97350,925
97353,925
97355,925
97357,925
97359,925
97421,925
97422,925
97424,925
97437,925
97440,925
97447,925
97450,925
97453,925
97456,925
97461,925
97464,925
97469,925
97475,925
97478,925
97483,925
97486,925
97488,925
97490,925
97491,925
97493,925
97494,925
97496,925
97497,925
97499,925
97500,925
97502,925
97503,925
97505,925
97506,925
97508,925
97509,925
97511,925
97513,925
97514,925
97516,925
97517,925
97519,925
97520,925
97522,925
97523,925
97525,925
97526,925
97528,925
97529,925
97531,925
97532,925
97534,925
97535,925
97537,925
97539,925
97616,925
97618,925
97618,925
97631,925
97633,925
97638,925
97638,925
97640,925
97640,925
97645,925
97647,925
97650,925
97653,925
97654,925
97656,925
97657,925
97659,925
97688,925
97702,925
97705,925
97708,925
97711,925
97714,925
97717,925
97720,925
97723,925
97724,925
97725,925
97727,925
97729,925
97737,925
97753,925
97762,925
97769,925
97772,925
97773,924
97775,925
97776,925
97778,925
97779,925
97780,925
97782,925
97783,925
97785,925
97786,925
97788,925
97789,925
97791,925
97792,925
97794,925
97795,925
97797,925
97799,925
97816,925
97828,925
97833,925
97834,925
97836,925
97837,925
97839,925
97839,925
97839,925
97839,925
97839,925
97840,925
97842,925
97843,925
97845,925
97846,925
97848,925
97849,925
97851,925
97852,925
97854,925
97855,925
97857,925
97859,925
97877,941
97892,925
97896,941
97900,941
97901,925
97903,925
97904,925
97906,925
97907,925
97909,925
97922,941
97941,941
97944,941
97947,941
97950,941
97953,941
97956,941
97957,941
97959,941
97980,941
97990,941
97993,941
97996,941
97999,941
98527,983
98528,983
98529,983
98530,983
98544,983
98547,983
98553,983
98554,983
98559,983
98559,983
98574,983
98587,983
98590,983
98593,983
98596,983
98597,983
98617,983
98630,983
98631,983
98634,983
98639,983
98646,983
98660,983
98663,983
98666,983
98667,983
98669,983
98673,983
98678,983
98693,983
98701,983
98704,983
98708,983
98711,983
98711,983
98714,983
98716,983
98724,983
98739,983
98743,983
98744,983
98746,983
99084,983
99085,983
99086,983
99087,983
99089,983
99090,983
99091,983
99092,983
99094,983
99095,983
99096,983
99097,983
99098,983
99099,983
99100,983
99102,983
99102,983
99189,983
99192,983
99195,983
99198,983
99198,983
99310,983
99326,983
99330,983
99334,983
99338,983
99423,983
99425,983
99427,983
99428,983
99438,983
99439,983
99441,983
99444,983
99448,983
99510,983
99518,983
99610,983
99625,983
99628,983
99631,983
99634,983
99636,983
99638,983
99706,983
99707,983
99713,983
99718,983
99734,983
99735,983
99752,983
99755,983
99759,983
99762,983
99765,983
99768,983
99817,983
99819,983
99819,983
99820,983
99826,983
99830,924
99831,983
99834,983
99837,983
99842,983
99846,983
99848,983
99867,983
99869,983
99880,983
99885,983
99887,983
99891,983
99894,983
99897,983
99897,983
99947,983
99955,983
99958,983
99974,983
99976,983
99986,983
99988,983
99991,983
99994,983
99996,983
99998,983
